id,userName,fullName,profilePicUrl,isVerified
56808669931,oakridge_blr.pumpapp,Pumpapp @ Oakridge Bangalore,https://scontent-bom1-2.cdninstagram.com/v/t51.2885-19/319732096_6075771909121783_5927734843156341411_n.jpg?stp=dst-jpg_s150x150&_nc_ht=scontent-bom1-2.cdninstagram.com&_nc_cat=107&_nc_ohc=7ZdsJrrO6OsAX8SewWE&tn=nXtf_SxHQKvCEaRk&edm=AOG-cTkBAAAA&ccb=7-5&oh=00_AfASH_hwYUGGV3Ww4vRAiAObvZeAuN4m3xhJcKLYhR4pUg&oe=639DED83&_nc_sid=282b66,false
56798950705,oisb_confessions,Oakridge International School Bangalore | Confessions,https://scontent-bom1-1.cdninstagram.com/v/t51.2885-19/319676573_513439110763551_3558542789837972042_n.jpg?stp=dst-jpg_s150x150&_nc_ht=scontent-bom1-1.cdninstagram.com&_nc_cat=103&_nc_ohc=6Nmb4NJPML0AX9CX6ce&edm=AOG-cTkBAAAA&ccb=7-5&oh=00_AfD_sJ9eGukR_NCQS3kQ-oIyI1QtPxa8CfnkxEDdwPZIdA&oe=639DC216&_nc_sid=282b66,false
15370167947,itsme_.gauravv,Gaurav üçÉ,https://scontent-bom1-1.cdninstagram.com/v/t51.2885-19/318615310_505841761513108_1751006890490430861_n.jpg?stp=dst-jpg_s150x150&_nc_ht=scontent-bom1-1.cdninstagram.com&_nc_cat=104&_nc_ohc=2x2Qcg1w_NAAX8KebB_&edm=AOG-cTkBAAAA&ccb=7-5&oh=00_AfCjUfOoRzaaulF-46dSbNhsaQvZxmnH-2Gox5QvtbfOyA&oe=639EA780&_nc_sid=282b66,false
51337844078,sravanilingam_,sravani,https://scontent-bom1-1.cdninstagram.com/v/t51.2885-19/318337685_516186260257394_1443318475697159158_n.jpg?stp=dst-jpg_s150x150&_nc_ht=scontent-bom1-1.cdninstagram.com&_nc_cat=102&_nc_ohc=Jwk7OujXtVUAX-LUenw&tn=nXtf_SxHQKvCEaRk&edm=AOG-cTkBAAAA&ccb=7-5&oh=00_AfAcSRMjBzFPDkQS40rghs0RzTb7gw1v0Lrzo47YRzqBEQ&oe=639F2FA2&_nc_sid=282b66,false
44812651650,rworld.online,Raina Shukla,https://scontent-bom1-1.cdninstagram.com/v/t51.2885-19/271157272_4679893395465002_1733225346917214484_n.jpg?stp=dst-jpg_s150x150&_nc_ht=scontent-bom1-1.cdninstagram.com&_nc_cat=102&_nc_ohc=lyTvQb9N_48AX9lfaEg&edm=AOG-cTkBAAAA&ccb=7-5&oh=00_AfBq_bdu4vnh9YBYqYUcVDeSjb7-yzL_cNiWJjbAc4fVnA&oe=639E518B&_nc_sid=282b66,false
1908530045,_owngalaxy,Galaxy,https://scontent-bom1-2.cdninstagram.com/v/t51.2885-19/308116080_137432112340139_407122770936435439_n.jpg?stp=dst-jpg_s150x150&_nc_ht=scontent-bom1-2.cdninstagram.com&_nc_cat=111&_nc_ohc=WOKgYeBfCgEAX_UZN_I&edm=AOG-cTkBAAAA&ccb=7-5&oh=00_AfA0tjg2d5QrX0BBzHsxnXjktOVOG3HfSOQzZ8bdzfnIcA&oe=639E9753&_nc_sid=282b66,false
56816690864,amystake_28,Hansi‚Ä¶,https://scontent-bom1-1.cdninstagram.com/v/t51.2885-19/318622882_1202942130433814_8824073855685539256_n.jpg?stp=dst-jpg_s150x150&_nc_ht=scontent-bom1-1.cdninstagram.com&_nc_cat=102&_nc_ohc=EGQ_Tpf-yRcAX-L9Mb9&edm=AOG-cTkBAAAA&ccb=7-5&oh=00_AfCLFRpbKEyB6EnTZFtKeRDggIlQtuVjG3zhKnnUUgNTqw&oe=639E1591&_nc_sid=282b66,false
55832754224,cool_spamzzzz,,https://scontent-bom1-1.cdninstagram.com/v/t51.2885-19/311790125_517408109816681_8004414795053711782_n.jpg?stp=dst-jpg_s150x150&_nc_ht=scontent-bom1-1.cdninstagram.com&_nc_cat=105&_nc_ohc=2znmPypyu1EAX-tYA2b&edm=AOG-cTkBAAAA&ccb=7-5&oh=00_AfDpt7kKVvvRcEdrXAXJV3NQZ7kXYCJFR2B2OwIh87zmZQ&oe=639DEC0A&_nc_sid=282b66,false
4328558315,sunita8233,Sunita Gupta,https://scontent-bom1-1.cdninstagram.com/v/t51.2885-19/131895199_327182164948659_8671953944105383473_n.jpg?stp=dst-jpg_s150x150&_nc_ht=scontent-bom1-1.cdninstagram.com&_nc_cat=103&_nc_ohc=N7yBMZmyAuIAX968pjE&edm=AOG-cTkBAAAA&ccb=7-5&oh=00_AfCjeHDMvnPekf5AxtBBjAFYtH3HZNQHUqfoTk2LCD862g&oe=639E8B19&_nc_sid=282b66,false
3634764697,vaishnavivasishta,vaishnavi,https://scontent-bom1-1.cdninstagram.com/v/t51.2885-19/258896270_583187219458971_4030862713383748480_n.jpg?stp=dst-jpg_s150x150&_nc_ht=scontent-bom1-1.cdninstagram.com&_nc_cat=103&_nc_ohc=1t85Z-cw8DsAX-p7696&edm=AOG-cTkBAAAA&ccb=7-5&oh=00_AfDdQIuc65OKuAGRLfc0IeimWd8GLZ0_nC4Z6JyFku8dRw&oe=639DFD2B&_nc_sid=282b66,false
52287422479,charika.gopi,charika,https://scontent-bom1-2.cdninstagram.com/v/t51.2885-19/284777825_1177337303051984_8064012114276688761_n.jpg?stp=dst-jpg_s150x150&_nc_ht=scontent-bom1-2.cdninstagram.com&_nc_cat=108&_nc_ohc=V3EyGvb6E2gAX-a7g36&edm=AOG-cTkBAAAA&ccb=7-5&oh=00_AfDpYa4Sc9Ktj7UAvyxmPl8vsXvFcy3Sn-YJ7AKW3zwzkQ&oe=639E5142&_nc_sid=282b66,false
45005029710,vidhanshu11,Vidhanshu,https://scontent-bom1-1.cdninstagram.com/v/t51.2885-19/313200303_125357463658054_1501486119363037153_n.jpg?stp=dst-jpg_s150x150&_nc_ht=scontent-bom1-1.cdninstagram.com&_nc_cat=110&_nc_ohc=56n9nSBrRZMAX96XmFy&edm=AOG-cTkBAAAA&ccb=7-5&oh=00_AfBZC8IrvsF61sSW-AGBN6RqSPY63ChNJyoTksKyDneNVg&oe=639E46AD&_nc_sid=282b66,false
57140720697,jiyas_spam,Spamm,https://scontent-bom1-2.cdninstagram.com/v/t51.2885-19/318927776_5640825689304033_697904082512171617_n.jpg?stp=dst-jpg_s150x150&_nc_ht=scontent-bom1-2.cdninstagram.com&_nc_cat=109&_nc_ohc=GJNCPa7MN0oAX--ufol&edm=AOG-cTkBAAAA&ccb=7-5&oh=00_AfDFQzh2g1Y8IsJynWuzN8LWK7tcoJ5WaTw1HlvK1KfMhw&oe=639DE620&_nc_sid=282b66,false
23657257059,sarthak.gr,Sarthak,https://scontent-bom1-1.cdninstagram.com/v/t51.2885-19/317752561_139026132014861_8437331540285793038_n.jpg?stp=dst-jpg_s150x150&_nc_ht=scontent-bom1-1.cdninstagram.com&_nc_cat=105&_nc_ohc=MHAToPTQwG0AX_YMOcP&edm=AOG-cTkBAAAA&ccb=7-5&oh=00_AfB4MNskgjiMk9PLQMxkjU2bF4DGFQsguHKze2VCO2amEg&oe=639DF188&_nc_sid=282b66,false
48487402285,nairaa.a.a._,Naira,https://scontent-bom1-2.cdninstagram.com/v/t51.2885-19/318685208_570221458278103_8534011164495895471_n.jpg?stp=dst-jpg_s150x150&_nc_ht=scontent-bom1-2.cdninstagram.com&_nc_cat=107&_nc_ohc=YzhXcVcQixsAX99YIiV&edm=AOG-cTkBAAAA&ccb=7-5&oh=00_AfCt2-AZGpUlfg09ENNebrXC8NqsIBmJ1N9dZQgdgFlb3Q&oe=639E43E2&_nc_sid=282b66,false
10135522598,aryan_nair_32,ARYAN,https://scontent-bom1-1.cdninstagram.com/v/t51.2885-19/311732089_636607024852882_4193662820354399627_n.jpg?stp=dst-jpg_s150x150&_nc_ht=scontent-bom1-1.cdninstagram.com&_nc_cat=110&_nc_ohc=sNZnPGMMAKMAX-xdEGT&tn=nXtf_SxHQKvCEaRk&edm=AOG-cTkBAAAA&ccb=7-5&oh=00_AfC-DTAN0JHuUW6N4yGBPxbnaY__xZEwxpabDhF6nMT6RA&oe=639E7FFC&_nc_sid=282b66,false
52946522024,sameekshapangotra_sai,Sameeksha,https://scontent-bom1-2.cdninstagram.com/v/t51.2885-19/311586587_674270733878961_3120548326608332564_n.jpg?stp=dst-jpg_s150x150&_nc_ht=scontent-bom1-2.cdninstagram.com&_nc_cat=109&_nc_ohc=eVYTEaKRcHcAX_-PjLu&tn=nXtf_SxHQKvCEaRk&edm=AOG-cTkBAAAA&ccb=7-5&oh=00_AfDGLReUOlK_0IRpWFcMzcFB8gOq7rYJTUbe98m9M2IgzA&oe=639E750D&_nc_sid=282b66,false
1777941172,avanti_gunda,Avanti,https://scontent-bom1-2.cdninstagram.com/v/t51.2885-19/316351589_5975630772456212_3773773682233945028_n.jpg?stp=dst-jpg_s150x150&_nc_ht=scontent-bom1-2.cdninstagram.com&_nc_cat=108&_nc_ohc=ouY-RNfYEmcAX_86CEv&edm=AOG-cTkBAAAA&ccb=7-5&oh=00_AfAqwIECnwc8NYwEwa5VKfsgRQuWZVmwB4XeQO7Nx6cDXg&oe=639F57D4&_nc_sid=282b66,false
12051110808,itsmeabhiraj,ABHIRAJ,https://scontent-bom1-1.cdninstagram.com/v/t51.2885-19/317377364_164012042994161_3771618966759158148_n.jpg?stp=dst-jpg_s150x150&_nc_ht=scontent-bom1-1.cdninstagram.com&_nc_cat=105&_nc_ohc=r3wUznoOwcMAX_LMvgJ&tn=nXtf_SxHQKvCEaRk&edm=AOG-cTkBAAAA&ccb=7-5&oh=00_AfDUZpe6P9JQLvI65a7KoLLWiceGANc3ZzLF5helycIYeg&oe=639EC92F&_nc_sid=282b66,false
44293931375,sreyas1171,Sreyas,https://scontent-bom1-1.cdninstagram.com/v/t51.2885-19/316121453_1308834166568523_8200654619397282431_n.jpg?stp=dst-jpg_s150x150&_nc_ht=scontent-bom1-1.cdninstagram.com&_nc_cat=103&_nc_ohc=hOezpuRRVcUAX99w36a&edm=AOG-cTkBAAAA&ccb=7-5&oh=00_AfAoVOvzsdiLHyvd3SpphL7eAyC3ENj4vouEV27nM6wsqA&oe=639F5231&_nc_sid=282b66,false
39331828430,prad0407,Prad,https://scontent-bom1-1.cdninstagram.com/v/t51.2885-19/303921954_2998679340432601_5153351384710761174_n.jpg?stp=dst-jpg_s150x150&_nc_ht=scontent-bom1-1.cdninstagram.com&_nc_cat=101&_nc_ohc=LV9VjDo0jiwAX-oeGuB&edm=AOG-cTkBAAAA&ccb=7-5&oh=00_AfCkVxP3WBP9gG23tgJVEkbouhpRUUKEwkmee6L0CvpaXA&oe=639F1DD9&_nc_sid=282b66,false
54789551322,yashvi_funz,Yashvi Rammichetty,https://scontent-bom1-1.cdninstagram.com/v/t51.2885-19/299564159_1051911992379373_4929174841047243563_n.jpg?stp=dst-jpg_s150x150&_nc_ht=scontent-bom1-1.cdninstagram.com&_nc_cat=101&_nc_ohc=Yms_5o0ec9wAX9m6YbN&edm=AOG-cTkBAAAA&ccb=7-5&oh=00_AfDu7pR2_1ibiOdP22QsuTlDcVc5i6lSmODnxRRyZKTBNA&oe=639DD66D&_nc_sid=282b66,false
54699986336,dostoyevsky_l,Tanishaa Mukundhan,https://scontent-bom1-1.cdninstagram.com/v/t51.2885-19/310531341_1265937344260278_5961018739585543716_n.jpg?stp=dst-jpg_s150x150&_nc_ht=scontent-bom1-1.cdninstagram.com&_nc_cat=106&_nc_ohc=SZBwF6ucsu4AX9IMZn0&tn=nXtf_SxHQKvCEaRk&edm=AOG-cTkBAAAA&ccb=7-5&oh=00_AfAPBi5HD_tLCXjrUZi5YiI1Z3VhXZg9F-mXzVUBsJXwJw&oe=639DE031&_nc_sid=282b66,false
49200020291,prabhu_avaneesh,Avaneesh Prabhu,https://scontent-bom1-2.cdninstagram.com/v/t51.2885-19/299163714_414746963842183_5962032896678207889_n.jpg?stp=dst-jpg_s150x150&_nc_ht=scontent-bom1-2.cdninstagram.com&_nc_cat=107&_nc_ohc=91qY7192HuQAX8iR18N&edm=AOG-cTkBAAAA&ccb=7-5&oh=00_AfCZ22Dm47pk3-XIYDSZEIa6DFbs7Wx5zRnGw3dnd0eaBA&oe=639F371C&_nc_sid=282b66,false
54813483591,yugal_reddy123,Yugsies,https://scontent-bom1-1.cdninstagram.com/v/t51.2885-19/315779654_447242330896046_4232189709081480842_n.jpg?stp=dst-jpg_s150x150&_nc_ht=scontent-bom1-1.cdninstagram.com&_nc_cat=102&_nc_ohc=Xc1JbElWdeQAX_dS3KI&edm=AOG-cTkBAAAA&ccb=7-5&oh=00_AfCXNEFevNMjTrGYoP5r2onzChQtkcTVjlb-KeKfhlM9uQ&oe=639F9CAF&_nc_sid=282b66,false
51448484496,idk0o0who,L,https://scontent-bom1-1.cdninstagram.com/v/t51.2885-19/317376349_838390910639690_7144827757645487325_n.jpg?stp=dst-jpg_s150x150&_nc_ht=scontent-bom1-1.cdninstagram.com&_nc_cat=102&_nc_ohc=H-SOivaMJSMAX9s2TjO&edm=AOG-cTkBAAAA&ccb=7-5&oh=00_AfAms7MWJ1xN8fn1BL-q3PcDRJVJ5rmLBvgzzI1CW5xMXA&oe=639DC21E&_nc_sid=282b66,false
44941375720,rrid_10,Rid,https://scontent-bom1-1.cdninstagram.com/v/t51.2885-19/277988950_1091496764746589_8816179550910820689_n.jpg?stp=dst-jpg_s150x150&_nc_ht=scontent-bom1-1.cdninstagram.com&_nc_cat=105&_nc_ohc=2F0uyp9BSRcAX-NdQLo&tn=nXtf_SxHQKvCEaRk&edm=AOG-cTkBAAAA&ccb=7-5&oh=00_AfAWv9SvLGoKh_aUSrL29AUtOs-NVlsQUI5i6eMb5LESRw&oe=639F7764&_nc_sid=282b66,false
8426494541,hiteshh_reddy,hitesh :)),https://scontent-bom1-1.cdninstagram.com/v/t51.2885-19/317823389_1090769051604257_2521451170482338799_n.jpg?stp=dst-jpg_s150x150&_nc_ht=scontent-bom1-1.cdninstagram.com&_nc_cat=105&_nc_ohc=H0aNzxqWw_kAX_ZOaUt&edm=AOG-cTkBAAAA&ccb=7-5&oh=00_AfCNFlg1EGWmkZ23iIrJU9G42T82IjI0M2Ey8U7OZY2Pkw&oe=639E4DFB&_nc_sid=282b66,false
50295988166,tmninja44,Mukkund,https://scontent-bom1-2.cdninstagram.com/v/t51.2885-19/312109117_5500300906753139_2265077614682279658_n.jpg?stp=dst-jpg_s150x150&_nc_ht=scontent-bom1-2.cdninstagram.com&_nc_cat=111&_nc_ohc=fuyZ6YHGtroAX_6Dlmg&edm=AOG-cTkBAAAA&ccb=7-5&oh=00_AfCG27FCXq4d5c6PyI_RpA9CeK3e_XZlvcBQCDDqCDq-qQ&oe=639DAADF&_nc_sid=282b66,false
52500835995,tanvivii.s,tanvi,https://instagram.ftun10-1.fna.fbcdn.net/v/t51.2885-19/44884218_345707102882519_2446069589734326272_n.jpg?efg=eyJybWQiOiJpZ19hbmRyb2lkX21vYmlsZV9uZXR3b3JrX3N0YWNrX2h0dHAyX3BpbmdfdjI1OTp0aWdvbl9tbnNfaHR0cDJfcGluZyJ9&_nc_ht=instagram.ftun10-1.fna.fbcdn.net&_nc_cat=1&_nc_ohc=SdGf-pQgnmIAX_vEZ5T&edm=AEsR1pMBAAAA&ccb=7-5&ig_cache_key=YW5vbnltb3VzX3Byb2ZpbGVfcGlj.2-ccb7-5&oh=00_AfBA0NsaT7CwnpvodJl__xQnfSTRK13WWrGQW1dYLxhjmA&oe=639E778F&_nc_sid=3f45ac,false
43348127460,shaayan_rai,shaayan,https://scontent-bom1-1.cdninstagram.com/v/t51.2885-19/311628256_775222123557594_8206536374555263390_n.jpg?stp=dst-jpg_s150x150&_nc_ht=scontent-bom1-1.cdninstagram.com&_nc_cat=106&_nc_ohc=chaym4TOSTUAX9BZIO0&edm=AOG-cTkBAAAA&ccb=7-5&oh=00_AfBeWfsIzOfSLlBeMxuEpwyXe15Z1T3j-90tmCSxiyfrmQ&oe=639EC21A&_nc_sid=282b66,false
8763373692,_.snxhaz._,ùôéùô£ùôöùôùùôñùôñ!üñáüñ§,https://scontent-bom1-1.cdninstagram.com/v/t51.2885-19/318982179_1837054273294194_8444957074183043662_n.jpg?stp=dst-jpg_s150x150&_nc_ht=scontent-bom1-1.cdninstagram.com&_nc_cat=106&_nc_ohc=IFUu6yNlNY8AX-OY7Mi&edm=AOG-cTkBAAAA&ccb=7-5&oh=00_AfCyO56zbZp6Zfi2Qm0X6DmFq8F7Ko1tU_JLhZZ7vdBpKQ&oe=639EFE3F&_nc_sid=282b66,false
54031188529,aarushi_mahanta,Aarushi Mahanta,https://scontent-bom1-2.cdninstagram.com/v/t51.2885-19/318130197_1632827917132823_9215146117670152550_n.jpg?stp=dst-jpg_s150x150&_nc_ht=scontent-bom1-2.cdninstagram.com&_nc_cat=111&_nc_ohc=1NH-g-LiHMEAX_j8oGI&edm=AOG-cTkBAAAA&ccb=7-5&oh=00_AfAea8liB0R8HQqp-vsLs6r4Esn4sWosPWqIRaqIECu3ig&oe=639E6656&_nc_sid=282b66,false
51716977231,itz_ri.shu,rishikaü•Ç,https://scontent-bom1-1.cdninstagram.com/v/t51.2885-19/314497544_147705067980341_1110669773623720742_n.jpg?stp=dst-jpg_s150x150&_nc_ht=scontent-bom1-1.cdninstagram.com&_nc_cat=105&_nc_ohc=76H2KeFW-BoAX8PjwM-&edm=AOG-cTkBAAAA&ccb=7-5&oh=00_AfDrz_gKfwAayJILQIdbPegbmR3jfnl4wtUBJFWWBs9TJg&oe=639DEC17&_nc_sid=282b66,false
55416714394,taylorswiftscatfr,ruhi?,https://scontent-bom1-1.cdninstagram.com/v/t51.2885-19/317982685_3037487993064147_1723690765307594838_n.jpg?stp=dst-jpg_s150x150&_nc_ht=scontent-bom1-1.cdninstagram.com&_nc_cat=103&_nc_ohc=Dp_XJlJEzdkAX_0-sr0&edm=AOG-cTkBAAAA&ccb=7-5&oh=00_AfCLvgFkgYzSWdfPQI92o7QdDkwOrLn5--f1xUHGou4hmA&oe=639F0FFB&_nc_sid=282b66,false
55936044207,lonely_spatula,Ananya,https://scontent-bom1-1.cdninstagram.com/v/t51.2885-19/310284559_627449722174071_4445119902058086634_n.jpg?stp=dst-jpg_s150x150&_nc_ht=scontent-bom1-1.cdninstagram.com&_nc_cat=103&_nc_ohc=YOuEa1GEa3EAX-vbbTW&edm=AOG-cTkBAAAA&ccb=7-5&oh=00_AfALqQsfqz1a54Ho0dqT5RVn1vC1Ixa2w0ioF2AS_BihTQ&oe=639F5309&_nc_sid=282b66,false
38020762597,aniiiii_ok,ani,https://scontent-bom1-2.cdninstagram.com/v/t51.2885-19/315064651_691970225826331_2474595361861158645_n.jpg?stp=dst-jpg_s150x150&_nc_ht=scontent-bom1-2.cdninstagram.com&_nc_cat=107&_nc_ohc=aBJeUw8lIowAX9BKUej&edm=AOG-cTkBAAAA&ccb=7-5&oh=00_AfBT-XclqOpR3F7faIGgys17YfPVfEgyzV6_Mx_4WpAUGg&oe=639F2DE2&_nc_sid=282b66,false
44938330512,_.poorna.pragna._,Poorna Pragna ‚ú®,https://scontent-bom1-2.cdninstagram.com/v/t51.2885-19/311990480_1208610476359904_3873073011957541944_n.jpg?stp=dst-jpg_s150x150&_nc_ht=scontent-bom1-2.cdninstagram.com&_nc_cat=108&_nc_ohc=__60TPm9A0cAX8G5Huo&edm=AOG-cTkBAAAA&ccb=7-5&oh=00_AfDpAOiuLDjFwC0tmANl9wBoa6QCdzLPMpJJMrPzIbw_RA&oe=639F074B&_nc_sid=282b66,false
7364336522,_whotfisadiba,,https://scontent-bom1-1.cdninstagram.com/v/t51.2885-19/318771140_685397259643685_3664887154983936437_n.jpg?stp=dst-jpg_s150x150&_nc_ht=scontent-bom1-1.cdninstagram.com&_nc_cat=105&_nc_ohc=d6vcQGKrmBgAX_iofQC&edm=AOG-cTkBAAAA&ccb=7-5&oh=00_AfAE5UVWxUDahQGiYRR53SXo9nd9qfKpvuHQSs5_QRRW-Q&oe=639F5C24&_nc_sid=282b66,false
55404362064,mannatj_001,Mannat Jaiswal,https://scontent-bom1-1.cdninstagram.com/v/t51.2885-19/318601019_180630674634282_2697125185492597586_n.jpg?stp=dst-jpg_s150x150&_nc_ht=scontent-bom1-1.cdninstagram.com&_nc_cat=106&_nc_ohc=ocGr7n3LffAAX9FBQPG&edm=AOG-cTkBAAAA&ccb=7-5&oh=00_AfCGGu8IMLldZbENujQzcg0LcCaX-E3eDDXlYY7Wr3QXDA&oe=639F225E&_nc_sid=282b66,false
50716670075,anainah.n,anainah,https://scontent-bom1-2.cdninstagram.com/v/t51.2885-19/319308669_1144330146196499_4384350382742195225_n.jpg?stp=dst-jpg_s150x150&_nc_ht=scontent-bom1-2.cdninstagram.com&_nc_cat=111&_nc_ohc=KSDDhoJ6-gMAX-uIpHP&edm=AOG-cTkBAAAA&ccb=7-5&oh=00_AfB-ufzhUoogqqwZPt1jdPKjx288TMF64so2nKbylnK1DA&oe=639E944B&_nc_sid=282b66,false
38566008685,aadhya_reddy08,Aadhya Reddy,https://scontent-bom1-1.cdninstagram.com/v/t51.2885-19/318501465_1827797690887948_4616257115348295588_n.jpg?stp=dst-jpg_s150x150&_nc_ht=scontent-bom1-1.cdninstagram.com&_nc_cat=104&_nc_ohc=qN58bLO1B84AX_XArKe&edm=AOG-cTkBAAAA&ccb=7-5&oh=00_AfAdRf1ikhzTAQlbpKMGy0tfEmxpJSsjnlbXYHOglT8-Ng&oe=639E3479&_nc_sid=282b66,false
52275956607,trea_sure2007,Nidhi,https://instagram.ftun10-1.fna.fbcdn.net/v/t51.2885-19/44884218_345707102882519_2446069589734326272_n.jpg?efg=eyJybWQiOiJpZ19hbmRyb2lkX21vYmlsZV9uZXR3b3JrX3N0YWNrX2h0dHAyX3BpbmdfdjI1OTp0aWdvbl9tbnNfaHR0cDJfcGluZyJ9&_nc_ht=instagram.ftun10-1.fna.fbcdn.net&_nc_cat=1&_nc_ohc=SdGf-pQgnmIAX_vEZ5T&edm=AEsR1pMBAAAA&ccb=7-5&ig_cache_key=YW5vbnltb3VzX3Byb2ZpbGVfcGlj.2-ccb7-5&oh=00_AfBA0NsaT7CwnpvodJl__xQnfSTRK13WWrGQW1dYLxhjmA&oe=639E778F&_nc_sid=3f45ac,false
48430940525,secrett._.smilee,Amrutha A,https://scontent-bom1-2.cdninstagram.com/v/t51.2885-19/315764204_883510746343053_3629566887413493355_n.jpg?stp=dst-jpg_s150x150&_nc_ht=scontent-bom1-2.cdninstagram.com&_nc_cat=109&_nc_ohc=TFRaNQGw5eUAX-h_Dym&edm=AOG-cTkBAAAA&ccb=7-5&oh=00_AfA5sxoV7G0f-P_ONKdor8XZUK9b29KJikHGs7qKIG_zHg&oe=639E087A&_nc_sid=282b66,false
19364245800,444snigdha,sn¬°gdha ‚ô°,https://scontent-bom1-1.cdninstagram.com/v/t51.2885-19/277472173_304033635114709_383610480646274574_n.jpg?stp=dst-jpg_s150x150&_nc_ht=scontent-bom1-1.cdninstagram.com&_nc_cat=101&_nc_ohc=54aIMAC3XW0AX9nOGCG&tn=nXtf_SxHQKvCEaRk&edm=AOG-cTkBAAAA&ccb=7-5&oh=00_AfB5_fGOf9a9fLDEfDT_UqoQkVpErkql065Uuc328zH6Yw&oe=639E3A12&_nc_sid=282b66,false
56061747276,bear_ittos_,bherush devang,https://scontent-bom1-2.cdninstagram.com/v/t51.2885-19/313854405_666240681776532_171853961686199179_n.jpg?stp=dst-jpg_s150x150&_nc_ht=scontent-bom1-2.cdninstagram.com&_nc_cat=100&_nc_ohc=luw2ax6pdhMAX9d5ZQY&tn=nXtf_SxHQKvCEaRk&edm=AOG-cTkBAAAA&ccb=7-5&oh=00_AfDdKPSs2xn04VKaZj76uxVQOQcLzJ-CQEqV2q0O-bDRXw&oe=639E344C&_nc_sid=282b66,false
56100448442,nidh.06.i,nidhi,https://scontent-bom1-2.cdninstagram.com/v/t51.2885-19/316885719_1256792674875960_636575561508016159_n.jpg?stp=dst-jpg_s150x150&_nc_ht=scontent-bom1-2.cdninstagram.com&_nc_cat=100&_nc_ohc=12i8h2uu14UAX8544MH&edm=AOG-cTkBAAAA&ccb=7-5&oh=00_AfB6Rvf28fkt_U7nLqO6EV_13SsuARBYXhwKbIlXTv1lgA&oe=639DAEAC&_nc_sid=282b66,false
55279466422,sidketh,,https://scontent-bom1-1.cdninstagram.com/v/t51.2885-19/313932597_1595428057581255_749995742451852433_n.jpg?stp=dst-jpg_s150x150&_nc_ht=scontent-bom1-1.cdninstagram.com&_nc_cat=103&_nc_ohc=Lx9eyPbvJcYAX9OndLX&edm=AOG-cTkBAAAA&ccb=7-5&oh=00_AfBk2P-XaNQuiHv2Lgx1EKPhJIGu7rhD_HsRpNTKutOiZg&oe=639E4202&_nc_sid=282b66,false
7548110140,frazyismilk,f.ra.z.y,https://scontent-bom1-2.cdninstagram.com/v/t51.2885-19/319062733_205767311864013_5763958338951719102_n.jpg?stp=dst-jpg_s150x150&_nc_ht=scontent-bom1-2.cdninstagram.com&_nc_cat=109&_nc_ohc=pxKDxKeq9bYAX8Ur6Do&edm=AOG-cTkBAAAA&ccb=7-5&oh=00_AfDcpwIZRihQklBLVIKlI7KgajNU5oPeCTRoc-znAuBtUA&oe=639F0DCC&_nc_sid=282b66,false
53703323304,t_twilight2021736,ùöÉùö†ùöíùöïùöíùöêùöëùöù,https://scontent-bom1-1.cdninstagram.com/v/t51.2885-19/318683971_147141884770510_5242894756151414546_n.jpg?stp=dst-jpg_s150x150&_nc_ht=scontent-bom1-1.cdninstagram.com&_nc_cat=110&_nc_ohc=vrcxYC1Z6LcAX_Au5W_&edm=AOG-cTkBAAAA&ccb=7-5&oh=00_AfASoeE1yLeDr_-RP7ovjEMES6qfbC7dKGlo21Q6HjYONA&oe=639DD6C2&_nc_sid=282b66,false
55656617543,twilight2021736,,https://scontent-bom1-2.cdninstagram.com/v/t51.2885-19/310986452_848887139441256_1202869358708655503_n.jpg?stp=dst-jpg_s150x150&_nc_ht=scontent-bom1-2.cdninstagram.com&_nc_cat=100&_nc_ohc=y2VwrUBUHHsAX-eJgxa&edm=AOG-cTkBAAAA&ccb=7-5&oh=00_AfBGVT0ynshQuOnwCkMNVIXaRDlwBxpC97m0xLrxrDWN5Q&oe=639F650D&_nc_sid=282b66,false
52465938124,desertpeach29,Priyanka Perumal,https://scontent-bom1-1.cdninstagram.com/v/t51.2885-19/279286280_1115654558981965_4858306844405461031_n.jpg?stp=dst-jpg_s150x150&_nc_ht=scontent-bom1-1.cdninstagram.com&_nc_cat=101&_nc_ohc=z-QFlgL-Qy8AX_hB9Al&edm=AOG-cTkBAAAA&ccb=7-5&oh=00_AfAhNhyJR4SmnMGIWkwmSMPpY22jTQHNOfy8tt7SPoPCQw&oe=639DD7D2&_nc_sid=282b66,false
54905198737,viiper_1808,Hrishikesh,https://scontent-bom1-1.cdninstagram.com/v/t51.2885-19/310205667_798117264737729_5748177824422871030_n.jpg?stp=dst-jpg_s150x150&_nc_ht=scontent-bom1-1.cdninstagram.com&_nc_cat=105&_nc_ohc=y4wF2Ki4CtkAX-7QVxL&edm=AOG-cTkBAAAA&ccb=7-5&oh=00_AfBgF4par8sUA3e8Vo5yidi2hFPXVjI6jAsBSPQWpQkCdA&oe=639E6046&_nc_sid=282b66,false
55443379169,nid.06.hi,,https://instagram.fyei6-4.fna.fbcdn.net/v/t51.2885-19/44884218_345707102882519_2446069589734326272_n.jpg?efg=eyJybWQiOiJpZ19hbmRyb2lkX21vYmlsZV9uZXR3b3JrX3N0YWNrX2JhY2t0ZXN0X3YyNTlfMjp0aWdvbl9tbnMifQ&_nc_ad=z-m&_nc_ht=instagram.fyei6-4.fna.fbcdn.net&_nc_cat=1&_nc_ohc=SdGf-pQgnmIAX_pzWoj&edm=AJ9x6zYBAAAA&ccb=7-5&ig_cache_key=YW5vbnltb3VzX3Byb2ZpbGVfcGlj.2-ccb7-5&oh=00_AfARrq2R3KpEQmqDlRvmJfbfx9YOW8dNNTP7xRbbsmQWGg&oe=639E778F&_nc_sid=cff2a4,false
36561006203,whotfis_shoumik,shoumik;),https://scontent-bom1-1.cdninstagram.com/v/t51.2885-19/316638775_1272186103351515_1392552951635055710_n.jpg?stp=dst-jpg_s150x150&_nc_ht=scontent-bom1-1.cdninstagram.com&_nc_cat=103&_nc_ohc=inhgq-FCz2QAX-skuIR&edm=AOG-cTkBAAAA&ccb=7-5&oh=00_AfCf-GffkSBV4egQ4AxfSS2-_ZHCDBWuZBkupXL5-hyljQ&oe=639F99BB&_nc_sid=282b66,false
49150871658,_ruhi.32,ruhi,https://scontent-bom1-2.cdninstagram.com/v/t51.2885-19/313350631_826842061964217_294992359848249488_n.jpg?stp=dst-jpg_s150x150&_nc_ht=scontent-bom1-2.cdninstagram.com&_nc_cat=109&_nc_ohc=J1gWbd_rG0YAX9L_EmI&edm=AOG-cTkBAAAA&ccb=7-5&oh=00_AfBFbYlXsc44T-mOUxLvi8wDYk25fDKiena2RixrAGPqow&oe=639F5E32&_nc_sid=282b66,false
53702872316,_manyaa8,Manyaa,https://scontent-bom1-1.cdninstagram.com/v/t51.2885-19/314834545_204165511972966_3059579398754034156_n.jpg?stp=dst-jpg_s150x150&_nc_ht=scontent-bom1-1.cdninstagram.com&_nc_cat=110&_nc_ohc=lr5IjZLr5l4AX951lvL&edm=AOG-cTkBAAAA&ccb=7-5&oh=00_AfDzMzaX3XzgigYcQ3OIOOIlXCPZ3xT_zGNmhnhzXDhAOQ&oe=639F99FA&_nc_sid=282b66,false
44465637065,_kritika.y,Kritika Yadav,https://scontent-bom1-2.cdninstagram.com/v/t51.2885-19/315983049_1545811072530071_7238370250570088129_n.jpg?stp=dst-jpg_s150x150&_nc_ht=scontent-bom1-2.cdninstagram.com&_nc_cat=111&_nc_ohc=lL2TisPw53QAX9lKbG-&edm=AOG-cTkBAAAA&ccb=7-5&oh=00_AfALK_cUXUIDzLIkAJyVccMFTPe6p9ScEfcwcXE5rawnKQ&oe=639F2F58&_nc_sid=282b66,false
55099922728,artifice_2197,Pratham,https://scontent-bom1-1.cdninstagram.com/v/t51.2885-19/318971029_689180799481130_7622857447824730211_n.jpg?stp=dst-jpg_s150x150&_nc_ht=scontent-bom1-1.cdninstagram.com&_nc_cat=102&_nc_ohc=6ksv3FbPgcEAX8q2L5L&tn=nXtf_SxHQKvCEaRk&edm=AOG-cTkBAAAA&ccb=7-5&oh=00_AfCH-N41N0VlgcDuwRUeMPDZeriCYjfklh_KW7whpFTmyQ&oe=639DAC28&_nc_sid=282b66,false
48397059626,tanayn.h,Tanay N.H,https://scontent-bom1-1.cdninstagram.com/v/t51.2885-19/285995427_5070525659727605_3684639302773792823_n.jpg?stp=dst-jpg_s150x150&_nc_ht=scontent-bom1-1.cdninstagram.com&_nc_cat=105&_nc_ohc=UAI2C_JoTO4AX-QdTIv&edm=AOG-cTkBAAAA&ccb=7-5&oh=00_AfC8YjMBVHZ2K26DI6XowNz2KRWUi3ZwlJ-rHyw2Jw3afg&oe=639F26C2&_nc_sid=282b66,false
46391907893,cherzyhere,cherzy,https://scontent-bom1-2.cdninstagram.com/v/t51.2885-19/315193799_167330479258197_8341721980347825575_n.jpg?stp=dst-jpg_s150x150&_nc_ht=scontent-bom1-2.cdninstagram.com&_nc_cat=109&_nc_ohc=Sqe4B2v6zFQAX8Zzbhk&edm=AOG-cTkBAAAA&ccb=7-5&oh=00_AfAWEIY7HrCUcBN6gc5dmw6RAmlAcRuP9UjdxlVQsZdBKA&oe=639E1C5C&_nc_sid=282b66,false
44478350025,kaavya__05,Kaavya <3,https://scontent-bom1-1.cdninstagram.com/v/t51.2885-19/318770189_1200594734176165_2362514788897987838_n.jpg?stp=dst-jpg_s150x150&_nc_ht=scontent-bom1-1.cdninstagram.com&_nc_cat=101&_nc_ohc=16EFxwqi43sAX8Vmcci&tn=nXtf_SxHQKvCEaRk&edm=AOG-cTkBAAAA&ccb=7-5&oh=00_AfD26hSUQOKdRFSl8-SoNQaze9o5hrkmKsCMDf73VDeL_Q&oe=639F913D&_nc_sid=282b66,false
52622143702,sahasra___2009,Sahasra,https://scontent-bom1-1.cdninstagram.com/v/t51.2885-19/297306039_119075620872850_691324252157906406_n.jpg?stp=dst-jpg_s150x150&_nc_ht=scontent-bom1-1.cdninstagram.com&_nc_cat=110&_nc_ohc=nyppeax73AkAX9OfYiL&edm=AOG-cTkBAAAA&ccb=7-5&oh=00_AfB8A_oLPLRI2yjTk5MKVrBwNu3JSFIfJAjhSHG5IPu37w&oe=639EC267&_nc_sid=282b66,false
52420634836,cov.idaintre.al,Arryaa,https://scontent-bom1-2.cdninstagram.com/v/t51.2885-19/316456159_523330512991640_133723304151535681_n.jpg?stp=dst-jpg_s150x150&_nc_ht=scontent-bom1-2.cdninstagram.com&_nc_cat=108&_nc_ohc=oquzzg3wfbQAX_2xAV5&edm=AOG-cTkBAAAA&ccb=7-5&oh=00_AfCJpHl_B01nas9gmyzQH0szx5lMvLkxlgyBerr0rLim-A&oe=639EFA72&_nc_sid=282b66,false
54926749289,arpitamilan09,Arpita Milan,https://scontent-bom1-1.cdninstagram.com/v/t51.2885-19/307093654_525299989404926_3939177674369824254_n.jpg?stp=dst-jpg_s150x150&_nc_ht=scontent-bom1-1.cdninstagram.com&_nc_cat=102&_nc_ohc=eqw2aTn5sKMAX-vzovu&edm=AOG-cTkBAAAA&ccb=7-5&oh=00_AfDq7bEJIdu5tBFVXLOEj4rpJp4hOc3kbOIIqdmmz_1gbg&oe=639EBE8A&_nc_sid=282b66,false
30902720372,sarayu._.11,Samudrika Gopinath,https://scontent-bom1-2.cdninstagram.com/v/t51.2885-19/131443425_1698472373686056_2886008133540731498_n.jpg?stp=dst-jpg_s150x150&_nc_ht=scontent-bom1-2.cdninstagram.com&_nc_cat=100&_nc_ohc=uc2PFYK3YkUAX_913Ua&edm=AOG-cTkBAAAA&ccb=7-5&oh=00_AfDjnrAZASSNEXnGE8JfAO_VG8Qy9uFKLPnhQlk37HcYbA&oe=639E3B47&_nc_sid=282b66,false
54278364465,kkrivozub_,,https://scontent-bom1-1.cdninstagram.com/v/t51.2885-19/319475801_1528195827652518_5049842157105209793_n.jpg?stp=dst-jpg_s150x150&_nc_ht=scontent-bom1-1.cdninstagram.com&_nc_cat=106&_nc_ohc=8W_BMxakpw0AX8gClvo&tn=nXtf_SxHQKvCEaRk&edm=AOG-cTkBAAAA&ccb=7-5&oh=00_AfB3WJVwzttnUvKrtENP5UDli_kJkZwkh1Shtbkz-H-zaQ&oe=639E19EB&_nc_sid=282b66,false
53136652502,adithyabangolae,Adithya Bangolae,https://scontent-bom1-2.cdninstagram.com/v/t51.2885-19/305502780_402834271986607_2545033860590969484_n.jpg?stp=dst-jpg_s150x150&_nc_ht=scontent-bom1-2.cdninstagram.com&_nc_cat=107&_nc_ohc=gXMYTYS78HYAX-LuBo5&tn=nXtf_SxHQKvCEaRk&edm=AOG-cTkBAAAA&ccb=7-5&oh=00_AfAnV9J1BHxB34AF8a8gfArt8ei8xrcNDEyvZCED9Jgj7g&oe=639F0398&_nc_sid=282b66,false
55257968544,nivyo_pivyo,navi,https://scontent-bom1-1.cdninstagram.com/v/t51.2885-19/302694820_173732471833390_3252480658094135970_n.jpg?stp=dst-jpg_s150x150&_nc_ht=scontent-bom1-1.cdninstagram.com&_nc_cat=110&_nc_ohc=N2VkcOYyilMAX-U-YSr&edm=AOG-cTkBAAAA&ccb=7-5&oh=00_AfC18TEWPs1hygUT3zof8wPzcEMwBKrm1Rc24G-GvtC_9g&oe=639F01EA&_nc_sid=282b66,false
14072415730,b._.lehhhh,._.aanyax._.,https://scontent-bom1-1.cdninstagram.com/v/t51.2885-19/305029823_187226000347301_8890151039674007788_n.jpg?stp=dst-jpg_s150x150&_nc_ht=scontent-bom1-1.cdninstagram.com&_nc_cat=105&_nc_ohc=px53LN_HD_sAX-SSqlK&edm=AOG-cTkBAAAA&ccb=7-5&oh=00_AfBkEt1kF4s0du23LSAXZGk2XsCMHQkxYzYHhfzH78Lz0A&oe=639E5036&_nc_sid=282b66,false
42152275897,divyaishot,divyauwu,https://scontent-bom1-2.cdninstagram.com/v/t51.2885-19/297286529_287511850260120_7515921433297642061_n.jpg?stp=dst-jpg_s150x150&_nc_ht=scontent-bom1-2.cdninstagram.com&_nc_cat=100&_nc_ohc=EUWkRMDcPXYAX_t7lrQ&edm=AOG-cTkBAAAA&ccb=7-5&oh=00_AfBUqAXpVOtAVYoAIaKBdImiqXXzex0nZkziaEy47fBPTQ&oe=639E950E&_nc_sid=282b66,false
55032725718,d4_0p_g4m3r,Aryan Midha,https://scontent-bom1-1.cdninstagram.com/v/t51.2885-19/309907710_3178934649022878_3316743816154959844_n.jpg?stp=dst-jpg_s150x150&_nc_ht=scontent-bom1-1.cdninstagram.com&_nc_cat=106&_nc_ohc=f2Jgm6Ol4IYAX91j3Bf&edm=AOG-cTkBAAAA&ccb=7-5&oh=00_AfAaC60TfOaN_bR4stoUQWHrg2Vyggo64Kkw9nHxRpOQUw&oe=639E792F&_nc_sid=282b66,false
55031845894,sillent.killer2007_private,Nischal A,https://scontent-bom1-2.cdninstagram.com/v/t51.2885-19/302438074_639090057457471_6235915428284894324_n.jpg?stp=dst-jpg_s150x150&_nc_ht=scontent-bom1-2.cdninstagram.com&_nc_cat=107&_nc_ohc=wg2WF1yF8EAAX8BLqBT&tn=nXtf_SxHQKvCEaRk&edm=AOG-cTkBAAAA&ccb=7-5&oh=00_AfDJoW3ThwHDRQGl5rAbLVCJ3reAVpC3DkGtt1lE2bAeSA&oe=639F9F5C&_nc_sid=282b66,false
24392203899,ishika.np,Ishika,https://scontent-bom1-2.cdninstagram.com/v/t51.2885-19/315858728_677533743730643_1398835543002082087_n.jpg?stp=dst-jpg_s150x150&_nc_ht=scontent-bom1-2.cdninstagram.com&_nc_cat=111&_nc_ohc=KXW4upu4UFwAX8m4-0t&edm=AOG-cTkBAAAA&ccb=7-5&oh=00_AfB-HOjtRVg9J1z6F4SbFnTrtDmhTMNdIE_jDGra2x50MA&oe=639EF689&_nc_sid=282b66,false
53861299974,the_lost__idiot,Suchet,https://scontent-bom1-1.cdninstagram.com/v/t51.2885-19/317618863_480416524195050_2236254039188984502_n.jpg?stp=dst-jpg_s150x150&_nc_ht=scontent-bom1-1.cdninstagram.com&_nc_cat=106&_nc_ohc=nAvHJBlyYqkAX_mxO3O&edm=AOG-cTkBAAAA&ccb=7-5&oh=00_AfBw4a-OTAPfO-IKHFpZSKDUSOCLcG_uiigiUfnXaajqSw&oe=639E9F6F&_nc_sid=282b66,false
54763779389,vivaan26sharma,Vivaan Sharma,https://scontent-bom1-2.cdninstagram.com/v/t51.2885-19/316663833_1160339774875200_2170649928917737804_n.jpg?stp=dst-jpg_s150x150&_nc_ht=scontent-bom1-2.cdninstagram.com&_nc_cat=100&_nc_ohc=v6eMrzLWIFwAX8cxGhF&edm=AOG-cTkBAAAA&ccb=7-5&oh=00_AfDMoyeSmB6pHYx7YkCX2QOs3YyS1n4kve-iMCeNyQz5Qw&oe=639F5C4B&_nc_sid=282b66,false
55210429281,o7kashvi,kashvi,https://scontent-bom1-1.cdninstagram.com/v/t51.2885-19/318019459_870515560631773_2102454104521849668_n.jpg?stp=dst-jpg_s150x150&_nc_ht=scontent-bom1-1.cdninstagram.com&_nc_cat=101&_nc_ohc=GiM-7PRFqkUAX-YHTIl&edm=AOG-cTkBAAAA&ccb=7-5&oh=00_AfCp3mhpZIvF41QLsKy_Hnji32iw3v6DOberbLX-R1e8Xg&oe=639F2AD6&_nc_sid=282b66,false
45873627497,prxnav14,Pranav,https://scontent-bom1-1.cdninstagram.com/v/t51.2885-19/300373214_186325650423778_1337271568622131493_n.jpg?stp=dst-jpg_s150x150&_nc_ht=scontent-bom1-1.cdninstagram.com&_nc_cat=110&_nc_ohc=G8Ild0wbcVEAX9aZyHH&edm=AOG-cTkBAAAA&ccb=7-5&oh=00_AfDLOSf6KDwq4tvxfHc_KtNsuQ8l67skx2VXUJd5zzWKsQ&oe=639F5E07&_nc_sid=282b66,false
54805117532,aarav_smhh,Aaravluvscum,https://scontent-bom1-1.cdninstagram.com/v/t51.2885-19/312022806_651966556421702_8592219927897635912_n.jpg?stp=dst-jpg_s150x150&_nc_ht=scontent-bom1-1.cdninstagram.com&_nc_cat=102&_nc_ohc=TtpQKCaGm5UAX_Le3fB&edm=AOG-cTkBAAAA&ccb=7-5&oh=00_AfCirnbC6u5ZqD-_iynPDAQ_drQ3NzBEoW1VxYEaqqBDfw&oe=639E306C&_nc_sid=282b66,false
44840369450,ewan_k_ffm,Ewan Kumar,https://scontent-bom1-2.cdninstagram.com/v/t51.2885-19/307421006_940021003591545_637027605177843071_n.jpg?stp=dst-jpg_s150x150&_nc_ht=scontent-bom1-2.cdninstagram.com&_nc_cat=109&_nc_ohc=i7gKcEPziwQAX8Ce4RN&edm=AOG-cTkBAAAA&ccb=7-5&oh=00_AfAV_soubt7LUObNZOvMSzZebY9z0X9Vp0pPQcKdI4cdFw&oe=639E04B5&_nc_sid=282b66,false
53593796110,godlike777777,godlike77,https://scontent-bom1-2.cdninstagram.com/v/t51.2885-19/309319469_863870941457287_2029780993862348786_n.jpg?stp=dst-jpg_s150x150&_nc_ht=scontent-bom1-2.cdninstagram.com&_nc_cat=107&_nc_ohc=oxiPWed9ZiYAX-tj_mq&edm=AOG-cTkBAAAA&ccb=7-5&oh=00_AfBmlKCPU3TyfkxCOqleXEv6YX0sYyFHA0UNNywnoRsI9g&oe=639DF048&_nc_sid=282b66,false
50498786625,15a_isis,Isis_,https://scontent-bom1-1.cdninstagram.com/v/t51.2885-19/313441987_835177097794094_5871545490717698770_n.jpg?stp=dst-jpg_s150x150&_nc_ht=scontent-bom1-1.cdninstagram.com&_nc_cat=102&_nc_ohc=f9EbVyIhdMEAX_nydAf&edm=AOG-cTkBAAAA&ccb=7-5&oh=00_AfAqdImosZbF_at4m4aX88lc6NEoMe5Gz4E1KnZ5_JH-3Q&oe=639E57A9&_nc_sid=282b66,false
5377406105,aryamanvipul,Ryry ü•µ,https://scontent-bom1-2.cdninstagram.com/v/t51.2885-19/314969921_450292513789808_1614974154450427701_n.jpg?stp=dst-jpg_s150x150&_nc_ht=scontent-bom1-2.cdninstagram.com&_nc_cat=108&_nc_ohc=J8UBUtayiboAX9TEgFp&edm=AOG-cTkBAAAA&ccb=7-5&oh=00_AfAQxFp2eDOxmyeIR2cNMr4l3uh9L2Vys2F5N47W36ijcg&oe=639E923B&_nc_sid=282b66,false
54753364009,prathunia,prarthana,https://scontent-bom1-1.cdninstagram.com/v/t51.2885-19/312930691_900522214252191_6683735254679536574_n.jpg?stp=dst-jpg_s150x150&_nc_ht=scontent-bom1-1.cdninstagram.com&_nc_cat=103&_nc_ohc=n9CoGIUxZO4AX8c3RBg&tn=nXtf_SxHQKvCEaRk&edm=AOG-cTkBAAAA&ccb=7-5&oh=00_AfCukfgJjRpwMmhHOffKuCoIPMu2mU_YzoccLXRMFMEsqQ&oe=639DA977&_nc_sid=282b66,false
54350836233,aishu_xv,Aishu ‚ô°,https://scontent-bom1-1.cdninstagram.com/v/t51.2885-19/319705141_555362929358038_837131039256404368_n.jpg?stp=dst-jpg_s150x150&_nc_ht=scontent-bom1-1.cdninstagram.com&_nc_cat=110&_nc_ohc=ID0dQyvz59QAX8AcuHM&edm=AOG-cTkBAAAA&ccb=7-5&oh=00_AfABNCTbTDn_7Log7ns-bkp9pI0L69lXtPx3vQHcRZdg_Q&oe=639DF94A&_nc_sid=282b66,false
50855334757,rajveern__,rajveer,https://scontent-bom1-2.cdninstagram.com/v/t51.2885-19/317228359_883304936181801_6909600750656690882_n.jpg?stp=dst-jpg_s150x150&_nc_ht=scontent-bom1-2.cdninstagram.com&_nc_cat=109&_nc_ohc=6w0Stgox7H4AX-RAN5T&edm=AOG-cTkBAAAA&ccb=7-5&oh=00_AfCpiglsLz_jSvvMngz7qTJ7koN5_K2rY9uMSjC7Wc9IIA&oe=639DCE92&_nc_sid=282b66,false
47220780254,desireworld21,Bobby love‚ù§Ô∏è,https://scontent-bom1-2.cdninstagram.com/v/t51.2885-19/272879799_1004229427113672_3901525537107587481_n.jpg?stp=dst-jpg_s150x150&_nc_ht=scontent-bom1-2.cdninstagram.com&_nc_cat=100&_nc_ohc=DrW8H2VhsrsAX_9dWGs&edm=AOG-cTkBAAAA&ccb=7-5&oh=00_AfAoi6KPKUD3nkv_Q2i4w4BNSEMNAmiLlTSRDeaG7-ATcg&oe=639DB45A&_nc_sid=282b66,false
45217162948,deshik_xdreu,Deshik,https://scontent-bom1-1.cdninstagram.com/v/t51.2885-19/319881584_563870718879313_1080283680384901171_n.jpg?stp=dst-jpg_s150x150&_nc_ht=scontent-bom1-1.cdninstagram.com&_nc_cat=101&_nc_ohc=t7Nu4qJbYFwAX8JcD2d&edm=AOG-cTkBAAAA&ccb=7-5&oh=00_AfAdyChY8gQ-Ocog9Vq8hzhmUkoPofgFD0RZIzv5JIoj-g&oe=639F7432&_nc_sid=282b66,false
46231547764,itz._.sk10,Ok,https://scontent-bom1-1.cdninstagram.com/v/t51.2885-19/316575542_204704555359049_8887753394602701231_n.jpg?stp=dst-jpg_s150x150&_nc_ht=scontent-bom1-1.cdninstagram.com&_nc_cat=105&_nc_ohc=SejJPA3MeOEAX8nO1k7&tn=nXtf_SxHQKvCEaRk&edm=AOG-cTkBAAAA&ccb=7-5&oh=00_AfDvyJG5F0Li75ucnj7Z64yFWaon3MGNLIAcpQgA7RkQiQ&oe=639DD4D9&_nc_sid=282b66,false
1998666652,muditmathur88,Mudit Mathur,https://scontent-bom1-2.cdninstagram.com/v/t51.2885-19/15625307_1339144382794464_1924949624183848960_a.jpg?stp=dst-jpg_s150x150&_nc_ht=scontent-bom1-2.cdninstagram.com&_nc_cat=100&_nc_ohc=By4lsgBIpm4AX8x8VL9&tn=nXtf_SxHQKvCEaRk&edm=AOG-cTkBAAAA&ccb=7-5&oh=00_AfDvyNr2CQHYx10utus6gJLKeILfhZ7jBahSdYYheMaXwQ&oe=639F39F9&_nc_sid=282b66,false
53816399707,hansinireddyt,üñ§Hansiüñ§,https://scontent-bom1-1.cdninstagram.com/v/t51.2885-19/317005672_1356332018445778_2768877895268402220_n.jpg?stp=dst-jpg_s150x150&_nc_ht=scontent-bom1-1.cdninstagram.com&_nc_cat=110&_nc_ohc=MA3n1zKHfB0AX_YphL0&edm=AOG-cTkBAAAA&ccb=7-5&oh=00_AfCaWeKDH7NO8OK2p31cSetIUriGr_pz1pHm8LqD9j9c_Q&oe=639DAEF8&_nc_sid=282b66,false
40736169192,jeevanjotgandhi,JeevanJot Gandhi,https://scontent-bom1-2.cdninstagram.com/v/t51.2885-19/118644758_3542932902440672_2415197044110516971_n.jpg?stp=dst-jpg_s150x150&_nc_ht=scontent-bom1-2.cdninstagram.com&_nc_cat=108&_nc_ohc=jGh9vVdNJnUAX8BfQ1C&edm=AOG-cTkBAAAA&ccb=7-5&oh=00_AfAoV6bNlVGpYu0tXkDVJnj5iTkmG-UI2nti9j4DyBoIiA&oe=639F3A38&_nc_sid=282b66,false
54057634747,prekshabutspam,peekaa,https://scontent-bom1-2.cdninstagram.com/v/t51.2885-19/316866590_5857728830915868_2261271548455590295_n.jpg?stp=dst-jpg_s150x150&_nc_ht=scontent-bom1-2.cdninstagram.com&_nc_cat=100&_nc_ohc=G9g0TjGiSm4AX9lwGSW&edm=AOG-cTkBAAAA&ccb=7-5&oh=00_AfAW4CvLYg_-ptrJgn18-6_n-eZskV0wcZxnNoxTGe4QkQ&oe=639EF42D&_nc_sid=282b66,false
1723626227,the.earthly.explorer,Aditya Singh,https://scontent-bom1-1.cdninstagram.com/v/t51.2885-19/312185028_798342984747784_3105018452376210781_n.jpg?stp=dst-jpg_s150x150&_nc_ht=scontent-bom1-1.cdninstagram.com&_nc_cat=104&_nc_ohc=-upR2tZ5MVYAX9DBNIt&edm=AOG-cTkBAAAA&ccb=7-5&oh=00_AfDhbSAxICm0iPE9yPfDBd32e1E1PsWoksT4kaHTNeKv1Q&oe=639F2434&_nc_sid=282b66,false
1712551788,aks_cha,Akshay Chandra,https://scontent-bom1-1.cdninstagram.com/v/t51.2885-19/308827294_825079038520693_871249491938745570_n.jpg?stp=dst-jpg_s150x150&_nc_ht=scontent-bom1-1.cdninstagram.com&_nc_cat=101&_nc_ohc=wxpIZ__y6tMAX_Oporo&tn=nXtf_SxHQKvCEaRk&edm=AOG-cTkBAAAA&ccb=7-5&oh=00_AfArt4h1-UCn_KW2pumnwMJud_nJaq3B0Y5__L8yvbBNWQ&oe=639EF917&_nc_sid=282b66,false
6822670258,nidhikotriwala,Nidhi Kotriwala,https://scontent-bom1-1.cdninstagram.com/v/t51.2885-19/297044961_608357804256581_1547128369470220309_n.jpg?stp=dst-jpg_s150x150&_nc_ht=scontent-bom1-1.cdninstagram.com&_nc_cat=105&_nc_ohc=Fn8Rv0oR5TAAX-nIdKZ&edm=AOG-cTkBAAAA&ccb=7-5&oh=00_AfCpEod-eE21VmtPGkxdy-sJXs7yuRUTP0gXU2cWeQFm9g&oe=639DCF2A&_nc_sid=282b66,false
1498856892,abhishek28.996,Abhishek Gupta,https://scontent-bom1-1.cdninstagram.com/v/t51.2885-19/277936374_3165425367020908_2971796066879326726_n.jpg?stp=dst-jpg_s150x150&_nc_ht=scontent-bom1-1.cdninstagram.com&_nc_cat=104&_nc_ohc=vPJdyzNgC0oAX8OcNGp&edm=AOG-cTkBAAAA&ccb=7-5&oh=00_AfAUtnOEBoHSF0gQfB-mEDyfEXJn9h_WaFvrDiJmZLq5Yw&oe=639E8C04&_nc_sid=282b66,false
53698568555,im.hansil,Hansil P,https://scontent-bom1-2.cdninstagram.com/v/t51.2885-19/319299874_482069557246531_4576040167541519562_n.jpg?stp=dst-jpg_s150x150&_nc_ht=scontent-bom1-2.cdninstagram.com&_nc_cat=107&_nc_ohc=1-TZMnNZT6UAX93HZN2&tn=nXtf_SxHQKvCEaRk&edm=AOG-cTkBAAAA&ccb=7-5&oh=00_AfCx-lnZ-qYwXQn64ORVVKGbltjb9b8L5MwgvydUvg4gLg&oe=639EB78E&_nc_sid=282b66,false
7180508223,parul.sharma_zzzz,Parul Sharma,https://scontent-bom1-2.cdninstagram.com/v/t51.2885-19/162195772_773662346909743_5405269301274431144_n.jpg?stp=dst-jpg_s150x150&_nc_ht=scontent-bom1-2.cdninstagram.com&_nc_cat=107&_nc_ohc=w8I4ipnxSnAAX-1DCJ8&edm=AOG-cTkBAAAA&ccb=7-5&oh=00_AfBsck2jq3s44ctFldmz5K-yieoiwIFzUBPDn09YlFULxQ&oe=639F6340&_nc_sid=282b66,false
1638242913,mr.sastry,Srivijay R Sastry,https://scontent-bom1-1.cdninstagram.com/v/t51.2885-19/60411354_325728961421188_5095569944666439680_n.jpg?stp=dst-jpg_s150x150&_nc_ht=scontent-bom1-1.cdninstagram.com&_nc_cat=104&_nc_ohc=3qVfURzzFZYAX-4PI66&edm=AOG-cTkBAAAA&ccb=7-5&oh=00_AfDTNC0iUwimEVlI_vwWcZkvfvwGjPdfdRZJPOvE9MSzKw&oe=639E4082&_nc_sid=282b66,false
37293633820,jesus_crist_no,i exist,https://scontent-bom1-1.cdninstagram.com/v/t51.2885-19/316606984_121212387456737_8707194705577871666_n.jpg?stp=dst-jpg_s150x150&_nc_ht=scontent-bom1-1.cdninstagram.com&_nc_cat=105&_nc_ohc=SSLYLU1loD0AX_-VyVg&edm=AOG-cTkBAAAA&ccb=7-5&oh=00_AfBMC-1MSJkEf0om2W6UTnQdSuWa_W4iYV_AMaqQ7NFp6A&oe=639E3B77&_nc_sid=282b66,false
44976628184,yo_sidx_spam_,Sid,https://scontent-bom1-1.cdninstagram.com/v/t51.2885-19/315950763_695786298424623_8750127458978531552_n.jpg?stp=dst-jpg_s150x150&_nc_ht=scontent-bom1-1.cdninstagram.com&_nc_cat=103&_nc_ohc=Yx27b2WUP6oAX_WX2H6&tn=nXtf_SxHQKvCEaRk&edm=AOG-cTkBAAAA&ccb=7-5&oh=00_AfB1fUTnz7pr9deFmSCKCq5CIkyAoDpCudupuCtGXBGzqw&oe=639F5E7A&_nc_sid=282b66,false
48301591134,lakshmi_balaji_7168,Lakshmi Balajiü§ì,https://scontent-bom1-1.cdninstagram.com/v/t51.2885-19/311498409_802018974242837_7888357089470060320_n.jpg?stp=dst-jpg_s150x150&_nc_ht=scontent-bom1-1.cdninstagram.com&_nc_cat=105&_nc_ohc=Sz78STPUUIoAX9kIvH6&edm=AOG-cTkBAAAA&ccb=7-5&oh=00_AfA2aWI34K6lhr9SOWgrKCKJfFVEDXbdtlIHrwXGqqL73A&oe=639E70B8&_nc_sid=282b66,false
48521393850,aarav.sub,aarav,https://scontent-bom1-2.cdninstagram.com/v/t51.2885-19/317833622_718874605844556_3664850369915975819_n.jpg?stp=dst-jpg_s150x150&_nc_ht=scontent-bom1-2.cdninstagram.com&_nc_cat=100&_nc_ohc=UNx-qXBw1zoAX8BNINz&edm=AOG-cTkBAAAA&ccb=7-5&oh=00_AfAroF_R2KzJYc-1pIm1fP5Djij3njsNAtKD3uy8MTPctg&oe=639E9F08&_nc_sid=282b66,false
45476852191,ms_sxnju,SanjanaüëΩüëΩ‚òª,https://scontent-bom1-2.cdninstagram.com/v/t51.2885-19/280557302_419006259663645_929645232948735969_n.jpg?stp=dst-jpg_s150x150&_nc_ht=scontent-bom1-2.cdninstagram.com&_nc_cat=109&_nc_ohc=q2xYNnIICg0AX8jTO2l&edm=AOG-cTkBAAAA&ccb=7-5&oh=00_AfDGhLqbrJ7JBbzAk5lRJm5ChlGGYawur4jB8kN8CxEjOw&oe=639DF9EC&_nc_sid=282b66,false
44993547404,sachib_19,ü¶ã S a c h i  ü¶ã,https://scontent-bom1-1.cdninstagram.com/v/t51.2885-19/318162493_672499327709941_6229953587033798571_n.jpg?stp=dst-jpg_s150x150&_nc_ht=scontent-bom1-1.cdninstagram.com&_nc_cat=101&_nc_ohc=OBW5JrNcgsUAX-zgl_c&edm=AOG-cTkBAAAA&ccb=7-5&oh=00_AfC5XmCLhR1dUr8MRPf63BfHEMRw7l5Z3cV1VUbqvtv31w&oe=639E9DDD&_nc_sid=282b66,false
53564717728,riya.i_413,Riya,https://scontent-bom1-1.cdninstagram.com/v/t51.2885-19/304912940_1843847529280782_8406894539917766178_n.jpg?stp=dst-jpg_s150x150&_nc_ht=scontent-bom1-1.cdninstagram.com&_nc_cat=106&_nc_ohc=XsCw3X6sUKwAX8uV07T&tn=nXtf_SxHQKvCEaRk&edm=AOG-cTkBAAAA&ccb=7-5&oh=00_AfCUpneIGjcJnn6I5clbk3ZxaRn-rNwfEkOQq1LWRjvyiw&oe=639EF705&_nc_sid=282b66,false
45755874880,adarshbijusophi,Soggy0v0,https://scontent-bom1-1.cdninstagram.com/v/t51.2885-19/252165663_593631495183495_3360893144561576051_n.jpg?stp=dst-jpg_s150x150&_nc_ht=scontent-bom1-1.cdninstagram.com&_nc_cat=103&_nc_ohc=J5Db10XDfOsAX8Kk6CU&tn=nXtf_SxHQKvCEaRk&edm=AOG-cTkBAAAA&ccb=7-5&oh=00_AfB8strt7Tk0v61kDvQ_KGmdMLGrup2L4vKynuX3TLAqxQ&oe=639F5647&_nc_sid=282b66,false
29399322882,aryan.hande19,hande,https://scontent-bom1-1.cdninstagram.com/v/t51.2885-19/288326168_379870790792956_2935322554279744532_n.jpg?stp=dst-jpg_s150x150&_nc_ht=scontent-bom1-1.cdninstagram.com&_nc_cat=104&_nc_ohc=FOl7M1oSGpIAX-tCvrK&edm=AOG-cTkBAAAA&ccb=7-5&oh=00_AfB5jtPHa1y5VNEZiV1j24spdPRRPVpUmBPUt2TGMeDITQ&oe=639E331A&_nc_sid=282b66,false
53213126443,ritesh.c.mathur,Ritesh Mathur,https://scontent-bom1-2.cdninstagram.com/v/t51.2885-19/288122646_5171614026262544_1765397636722058365_n.jpg?stp=dst-jpg_s150x150&_nc_ht=scontent-bom1-2.cdninstagram.com&_nc_cat=108&_nc_ohc=IjPW_3n_SYMAX_xLpTD&edm=AOG-cTkBAAAA&ccb=7-5&oh=00_AfAUy6uCrlLdPmu5pA8pw3qZqtcjHldlVOou8d1yRWkO-Q&oe=639E8654&_nc_sid=282b66,false
33030670100,aarav_frfr,Aarav <$,https://scontent-bom1-2.cdninstagram.com/v/t51.2885-19/319096717_478190954403523_8587700564007206594_n.jpg?stp=dst-jpg_s150x150&_nc_ht=scontent-bom1-2.cdninstagram.com&_nc_cat=107&_nc_ohc=Vno2P1TWOmYAX80-Nby&edm=AOG-cTkBAAAA&ccb=7-5&oh=00_AfBIf-8eOeaQr7Sdz3rnZJ5lInc7N5ILQPc_gJvOh6Y6BA&oe=639E8549&_nc_sid=282b66,false
53230435164,vasishtanidhi,Nidhi Vasishta,https://scontent-bom1-1.cdninstagram.com/v/t51.2885-19/318431241_686409189867304_490505538191087345_n.jpg?stp=dst-jpg_s150x150&_nc_ht=scontent-bom1-1.cdninstagram.com&_nc_cat=104&_nc_ohc=0Tvlq_uPw_QAX9OrawM&tn=nXtf_SxHQKvCEaRk&edm=AOG-cTkBAAAA&ccb=7-5&oh=00_AfCsU7U00V2uHP2awOwAW2q14rBjKqwrDMfanTOuCRiSYw&oe=639F2A7B&_nc_sid=282b66,false
53553787303,sasha9.pvt,Fat hamster ‚ú®,https://scontent-bom1-2.cdninstagram.com/v/t51.2885-19/318750022_1561200497684575_3061129808276879505_n.jpg?stp=dst-jpg_s150x150&_nc_ht=scontent-bom1-2.cdninstagram.com&_nc_cat=107&_nc_ohc=d6HgB6etMfkAX8zxjm3&edm=AOG-cTkBAAAA&ccb=7-5&oh=00_AfCfFHv__ixw9v6EAg2eSlC_0XSBh8z7fWOis1DD4wLobw&oe=639DD45E&_nc_sid=282b66,false
53386877949,highway2highway,Highway2Highway,https://scontent-bom1-2.cdninstagram.com/v/t51.2885-19/289634121_432883408686465_3106414248377513840_n.jpg?stp=dst-jpg_s150x150&_nc_ht=scontent-bom1-2.cdninstagram.com&_nc_cat=109&_nc_ohc=EifjXwPicZ0AX_LCbiN&tn=nXtf_SxHQKvCEaRk&edm=AOG-cTkBAAAA&ccb=7-5&oh=00_AfAC19hAmDiXv68OIPcL-QVFYwfQW5OWG1tmK_6G2Fa9Bw&oe=639E040F&_nc_sid=282b66,false
53255072584,ritumathur07,Ritu Mathur,https://scontent-bom1-1.cdninstagram.com/v/t51.2885-19/283216646_1039379776991765_5732815603853284372_n.jpg?stp=dst-jpg_s150x150&_nc_ht=scontent-bom1-1.cdninstagram.com&_nc_cat=105&_nc_ohc=9er2enkoNdcAX_WhT1-&edm=AOG-cTkBAAAA&ccb=7-5&oh=00_AfCUq-_OLTWjteFS6gJLCBGxl82P7QOYztRze_C_jNGtXA&oe=639F3CCE&_nc_sid=282b66,false
39505087481,iam_swagguy,Rockey,https://scontent-bom1-1.cdninstagram.com/v/t51.2885-19/316610535_2099482333586140_4966708017776496267_n.jpg?stp=dst-jpg_s150x150&_nc_ht=scontent-bom1-1.cdninstagram.com&_nc_cat=104&_nc_ohc=CSUimCTnlLAAX-895zv&edm=AOG-cTkBAAAA&ccb=7-5&oh=00_AfCSdHW819fEAYr4OG1nNov2AMzHgO5G4D34bwsincyprg&oe=639F3B44&_nc_sid=282b66,false
7358511433,mehika_mathur,Mehika Mathur,https://scontent-bom1-2.cdninstagram.com/v/t51.2885-19/318661863_197953679374752_8603151109435945490_n.jpg?stp=dst-jpg_s150x150&_nc_ht=scontent-bom1-2.cdninstagram.com&_nc_cat=100&_nc_ohc=e67BZA5exdUAX_-H__V&edm=AOG-cTkBAAAA&ccb=7-5&oh=00_AfDz9NbWz-emopjFXBxS5TJSBV_ujKte46zq5_s4_KxGyA&oe=639F738E&_nc_sid=282b66,false
38504504075,divit._.arya,Divit Arya,https://scontent-bom1-1.cdninstagram.com/v/t51.2885-19/316298461_1515288468899590_8928483895785561409_n.jpg?stp=dst-jpg_s150x150&_nc_ht=scontent-bom1-1.cdninstagram.com&_nc_cat=110&_nc_ohc=0WjCMyhnxNsAX8CKRAJ&edm=AOG-cTkBAAAA&ccb=7-5&oh=00_AfBipecMpFF22rhnHHL8e4uH461bgmwekJvj9ySXMZ6nFQ&oe=639F1DB4&_nc_sid=282b66,false
49098900046,anklebreaker.23,Sachit,https://scontent-bom1-1.cdninstagram.com/v/t51.2885-19/319291107_1263962327494830_860007556241154676_n.jpg?stp=dst-jpg_s150x150&_nc_ht=scontent-bom1-1.cdninstagram.com&_nc_cat=106&_nc_ohc=8Rhr8Oy80poAX-oLT2G&edm=AOG-cTkBAAAA&ccb=7-5&oh=00_AfAZQsMMT2dxGF4-8hVVpQb9uWapiA-_chWHxFx-mA4cqQ&oe=639F804A&_nc_sid=282b66,false
23172021875,arnavssingh_,arnav,https://scontent-bom1-2.cdninstagram.com/v/t51.2885-19/316219977_825115101880296_211813476899653948_n.jpg?stp=dst-jpg_s150x150&_nc_ht=scontent-bom1-2.cdninstagram.com&_nc_cat=100&_nc_ohc=-z4AwQkZGFYAX8zNZi2&edm=AOG-cTkBAAAA&ccb=7-5&oh=00_AfA4__SBnOH-EriDpS1XwbGR-31xgF_mWXmknn4M3O7CBw&oe=639EA1DF&_nc_sid=282b66,false
48099321610,_saanikag_,Saanika G,https://scontent-bom1-1.cdninstagram.com/v/t51.2885-19/315647092_667190101792961_662058518628032688_n.jpg?stp=dst-jpg_s150x150&_nc_ht=scontent-bom1-1.cdninstagram.com&_nc_cat=105&_nc_ohc=Qu-qDodlcIwAX_r3kCq&edm=AOG-cTkBAAAA&ccb=7-5&oh=00_AfAHmdSiimugLTsPgUhroXyjXfWP28DBVO8eJsxNBb151Q&oe=639DE0A6&_nc_sid=282b66,false
10905261011,sidd_725,Sid,https://scontent-bom1-1.cdninstagram.com/v/t51.2885-19/255527573_415049676877117_8668314935653035852_n.jpg?stp=dst-jpg_s150x150&_nc_ht=scontent-bom1-1.cdninstagram.com&_nc_cat=101&_nc_ohc=zf5ZYDFOidsAX_0ZBo7&edm=AOG-cTkBAAAA&ccb=7-5&oh=00_AfAl-KYm9wsIOPVTVyFbRyK5YxXKLBooi_xzGkPnFJXzcA&oe=639DB0FC&_nc_sid=282b66,false
5670095466,surbhimathur2588,Surbhi Mathur,https://scontent-bom1-1.cdninstagram.com/v/t51.2885-19/36793053_1529570980480834_5576118845980016640_n.jpg?stp=dst-jpg_s150x150&_nc_ht=scontent-bom1-1.cdninstagram.com&_nc_cat=110&_nc_ohc=oPmW2y8ziaYAX_nQwgu&edm=AOG-cTkBAAAA&ccb=7-5&oh=00_AfC3dLqcaYKwm23gNGK74c-L_piojLBrT2VjAWINl7WHbw&oe=639E1B5A&_nc_sid=282b66,false
53147929626,kimaya_.007,kimchi,https://scontent-bom1-1.cdninstagram.com/v/t51.2885-19/318614545_680482953481738_2130875825696657721_n.jpg?stp=dst-jpg_s150x150&_nc_ht=scontent-bom1-1.cdninstagram.com&_nc_cat=110&_nc_ohc=O02pKpnOlIMAX8Cq6A0&edm=AOG-cTkBAAAA&ccb=7-5&oh=00_AfBYzn_mpjTbpXNaRLf4t_LfKiKnPFgVjugt-jZ6FRLYnQ&oe=639E6266&_nc_sid=282b66,false
52143239631,ishi_spammmmm,Ishi;),https://scontent-bom1-1.cdninstagram.com/v/t51.2885-19/298571846_619221879554394_701896496746740077_n.jpg?stp=dst-jpg_s150x150&_nc_ht=scontent-bom1-1.cdninstagram.com&_nc_cat=106&_nc_ohc=RVjawtXmhnIAX-btL_0&edm=AOG-cTkBAAAA&ccb=7-5&oh=00_AfDxFXzmqGPiJtFcO5jicjw0PZawRsCXDVGhn1QjTqFibg&oe=639E11BC&_nc_sid=282b66,false
49232162166,spamamammam,spam!!,https://scontent-bom1-2.cdninstagram.com/v/t51.2885-19/319075044_5435894896521996_6588087703033104510_n.jpg?stp=dst-jpg_s150x150&_nc_ht=scontent-bom1-2.cdninstagram.com&_nc_cat=100&_nc_ohc=uM64vJdMUK8AX_Ztsdt&edm=AOG-cTkBAAAA&ccb=7-5&oh=00_AfCF0vIAn0zWPBAz6Ni2Ayj7BgQVpIxpehQIuUjR3iDc_w&oe=639F3075&_nc_sid=282b66,false
50009819097,itzzmeash._,ash,https://scontent-bom1-1.cdninstagram.com/v/t51.2885-19/315810140_791449102094019_8352322470115108400_n.jpg?stp=dst-jpg_s150x150&_nc_ht=scontent-bom1-1.cdninstagram.com&_nc_cat=103&_nc_ohc=RLAY4AeXWDUAX_aoexM&edm=AOG-cTkBAAAA&ccb=7-5&oh=00_AfD0rayPkeLJ-nF_oUKj9Q8DcBlCxcFsHumyAOLMFPRjWQ&oe=639E99D6&_nc_sid=282b66,false
47353657254,artnpia,Pia,https://scontent-bom1-1.cdninstagram.com/v/t51.2885-19/172733112_503435034371895_8658825980657028281_n.jpg?stp=dst-jpg_s150x150&_nc_ht=scontent-bom1-1.cdninstagram.com&_nc_cat=103&_nc_ohc=-MxdLEYnr9EAX9gh0IK&edm=AOG-cTkBAAAA&ccb=7-5&oh=00_AfAvQ5Weha-rkPGSlGsj4U6cB-tBowtNsg5KoTr_YOXRGQ&oe=639DDB08&_nc_sid=282b66,false
45335379996,sanjana_r0yy,‰∏ÇÂçÇÂá†Â∞∫„Ññ„Ñö„Ç∑,https://scontent-bom1-2.cdninstagram.com/v/t51.2885-19/314719631_3459100684318761_647938516099332535_n.jpg?stp=dst-jpg_s150x150&_nc_ht=scontent-bom1-2.cdninstagram.com&_nc_cat=109&_nc_ohc=59UPuAVwqtMAX-m1-ua&tn=nXtf_SxHQKvCEaRk&edm=AOG-cTkBAAAA&ccb=7-5&oh=00_AfAVkqpywjY1Xwfu_q9MvN2cV7SuL6q53oZuO2eJrplI5w&oe=639E705E&_nc_sid=282b66,false
6263357349,siriiiiii_123,Siri,https://instagram.fala2-1.fna.fbcdn.net/v/t51.2885-19/44884218_345707102882519_2446069589734326272_n.jpg?efg=eyJybWQiOiJpZ19hbmRyb2lkX21vYmlsZV9uZXR3b3JrX3N0YWNrX2JhY2t0ZXN0X3YyNTlfMjpsaWdlciJ9&_nc_ht=instagram.fala2-1.fna.fbcdn.net&_nc_cat=1&_nc_ohc=SdGf-pQgnmIAX8qNbJq&edm=AL4D0a4BAAAA&ccb=7-5&ig_cache_key=YW5vbnltb3VzX3Byb2ZpbGVfcGlj.2-ccb7-5&oh=00_AfDIW0VPlGrEEhWy8HlZFmlq-5oVZj7qldn4wxljRLpPBg&oe=639E778F&_nc_sid=712cc3,false
51061852586,hi_si_yah,Siya üíï,https://scontent-bom1-2.cdninstagram.com/v/t51.2885-19/315917847_209443194857264_4914132510970657923_n.jpg?stp=dst-jpg_s150x150&_nc_ht=scontent-bom1-2.cdninstagram.com&_nc_cat=108&_nc_ohc=r8j1a_WTTZwAX-TZaWX&tn=nXtf_SxHQKvCEaRk&edm=AOG-cTkBAAAA&ccb=7-5&oh=00_AfBtTL59GJyzzOelMtYkqifMzDthjusBQcNQ134rX1AV1w&oe=639F837B&_nc_sid=282b66,false
50118325558,kyojurogiyusanemi,Ky≈çjur≈ç reng≈çku,https://scontent-bom1-2.cdninstagram.com/v/t51.2885-19/265745769_288084656592980_8862850574547588048_n.jpg?stp=dst-jpg_s150x150&_nc_ht=scontent-bom1-2.cdninstagram.com&_nc_cat=108&_nc_ohc=SFsr9rNGF-IAX8IQ7ZE&edm=AOG-cTkBAAAA&ccb=7-5&oh=00_AfCw2SCL2ZEIUeLVJKMQJVcLLMFx48Grh329C3mmIZKRBA&oe=639EA028&_nc_sid=282b66,false
23359400721,akshata_1704,Akshata ü¶ä,https://scontent-bom1-2.cdninstagram.com/v/t51.2885-19/318432587_658281116024436_2720964399504915630_n.jpg?stp=dst-jpg_s150x150&_nc_ht=scontent-bom1-2.cdninstagram.com&_nc_cat=100&_nc_ohc=y6hKS_4syyUAX_rnKMC&edm=AOG-cTkBAAAA&ccb=7-5&oh=00_AfA5DrdZ0nqgfCaCRVSeFnc4R7FjYdsWF1YBbCwUv-sNag&oe=639F7FCA&_nc_sid=282b66,false
18765554346,arinbhide30,arin,https://scontent-bom1-1.cdninstagram.com/v/t51.2885-19/275484587_108042241837119_3009552595213077513_n.jpg?stp=dst-jpg_s150x150&_nc_ht=scontent-bom1-1.cdninstagram.com&_nc_cat=103&_nc_ohc=T7k912n7eEIAX9gwevG&edm=AOG-cTkBAAAA&ccb=7-5&oh=00_AfDCXVRC9Z2mr1N1BAGkCaC5n3QX0HVTvvQYcHvvDbIWOA&oe=639E1754&_nc_sid=282b66,false
44963821366,_pxarthana_,Prarthana,https://scontent-bom1-1.cdninstagram.com/v/t51.2885-19/286022695_551028016680910_8238266390687723048_n.jpg?stp=dst-jpg_s150x150&_nc_ht=scontent-bom1-1.cdninstagram.com&_nc_cat=110&_nc_ohc=uyZsqlK78poAX9WCvxM&edm=AOG-cTkBAAAA&ccb=7-5&oh=00_AfAd5lHnTcbCVxJhTKeIvImyfou5yIrZRSKSrOIA4FtVBQ&oe=639F183F&_nc_sid=282b66,false
50345491266,adishanker_,DaddyAdi,https://scontent-bom1-2.cdninstagram.com/v/t51.2885-19/301983830_841560860164449_6162086232673829869_n.jpg?stp=dst-jpg_s150x150&_nc_ht=scontent-bom1-2.cdninstagram.com&_nc_cat=109&_nc_ohc=GDQ5RrqC12cAX8Z6MiI&edm=AOG-cTkBAAAA&ccb=7-5&oh=00_AfBP9Yt0kry3aZvOMhiHgvwzEGBDF4IXySGAzGvAO81B7A&oe=639E58BA&_nc_sid=282b66,false
47385140660,sheeshadevashu,Devashish,https://scontent-bom1-1.cdninstagram.com/v/t51.2885-19/317139533_1567222087046895_1901727422934131116_n.jpg?stp=dst-jpg_s150x150&_nc_ht=scontent-bom1-1.cdninstagram.com&_nc_cat=103&_nc_ohc=FSAQSq02QMEAX94z-vP&tn=nXtf_SxHQKvCEaRk&edm=AOG-cTkBAAAA&ccb=7-5&oh=00_AfC-ocNonwSimtqNgiKWb8bRokM2QZi3c1z2qe2w4seKJw&oe=639E1B36&_nc_sid=282b66,false
48841653618,iamuditt,uditmathur,https://scontent-bom1-1.cdninstagram.com/v/t51.2885-19/241274146_211218524319146_2484623955516664658_n.jpg?stp=dst-jpg_s150x150&_nc_ht=scontent-bom1-1.cdninstagram.com&_nc_cat=102&_nc_ohc=_Q3FAMRN2iwAX--M1wI&edm=AOG-cTkBAAAA&ccb=7-5&oh=00_AfCm1EJ2Frn9Llvofs6388Rn6alsPJ83AY6FXgT_IpNZxg&oe=639E88A7&_nc_sid=282b66,false
4008888089,the_maggis_kitchen,The Maggi's Kitchen (TMK),https://scontent-bom1-1.cdninstagram.com/v/t51.2885-19/121785148_356778662236250_1754623048292667792_n.jpg?stp=dst-jpg_s150x150&_nc_ht=scontent-bom1-1.cdninstagram.com&_nc_cat=102&_nc_ohc=iTTmEQozxGcAX90Wtpx&edm=AOG-cTkBAAAA&ccb=7-5&oh=00_AfCl_8pAqCzruNDGiJkT5XrCDkchfkBHr5Lpw4y4alXf7A&oe=639DBC2B&_nc_sid=282b66,false
32704427571,ishi.s_1109,Ishi,https://scontent-bom1-1.cdninstagram.com/v/t51.2885-19/318240611_705913424048593_4559319124181585913_n.jpg?stp=dst-jpg_s150x150&_nc_ht=scontent-bom1-1.cdninstagram.com&_nc_cat=101&_nc_ohc=MyKVO4ELsYkAX9Rv5UH&tn=nXtf_SxHQKvCEaRk&edm=AOG-cTkBAAAA&ccb=7-5&oh=00_AfCknAf6OVen8TaBvQrWY2Hhfrk4HlrsiL_DC-cyBw55YA&oe=639F3E16&_nc_sid=282b66,false
41480841104,vihaan.v._,Vihaan,https://scontent-bom1-2.cdninstagram.com/v/t51.2885-19/314463796_490307883042283_4755555431246555095_n.jpg?stp=dst-jpg_s150x150&_nc_ht=scontent-bom1-2.cdninstagram.com&_nc_cat=107&_nc_ohc=TGCQ4Z3lS2QAX8yfbzm&edm=AOG-cTkBAAAA&ccb=7-5&oh=00_AfDVNdJucrIYKnXlZzxIuoeMuGLKCn18--Jq2BUpbUlFBA&oe=639DF28C&_nc_sid=282b66,false
50880753500,aayush_2219,Aayush,https://scontent-bom1-2.cdninstagram.com/v/t51.2885-19/278785050_4790748951031344_4774747870543876494_n.jpg?stp=dst-jpg_s150x150&_nc_ht=scontent-bom1-2.cdninstagram.com&_nc_cat=100&_nc_ohc=MCLJiL5rgYQAX8FaFBb&tn=nXtf_SxHQKvCEaRk&edm=AOG-cTkBAAAA&ccb=7-5&oh=00_AfCekJhCDklaJBMX-I_aOn3LcumJzjUIBRO6r_fCf5J86A&oe=639F5380&_nc_sid=282b66,false
44902774312,malavika_2010,Malavikaüí´,https://scontent-bom1-1.cdninstagram.com/v/t51.2885-19/315235267_858604521828794_6249609995659008943_n.jpg?stp=dst-jpg_s150x150&_nc_ht=scontent-bom1-1.cdninstagram.com&_nc_cat=102&_nc_ohc=GTnUYt26XQMAX8QN6Av&edm=AOG-cTkBAAAA&ccb=7-5&oh=00_AfB-lUJDWzGDv7auLGQ6PKOfevAnlbFJ8TqHsQwFH4h_9g&oe=639F8733&_nc_sid=282b66,false
45367998850,meghnamathur79,Meghna Mathur,https://scontent-bom1-1.cdninstagram.com/v/t51.2885-19/312715789_1842684352740555_8058061902784505835_n.jpg?stp=dst-jpg_s150x150&_nc_ht=scontent-bom1-1.cdninstagram.com&_nc_cat=103&_nc_ohc=7yC6qvUtuYoAX_gv2js&edm=AOG-cTkBAAAA&ccb=7-5&oh=00_AfBx9qwhdLDuBl6A6GSAKB6wcxlQMCR6R_NZa5TaTrjVLw&oe=639E4BDB&_nc_sid=282b66,false
5743617372,sillent.killer2007,Nischal A,https://scontent-bom1-1.cdninstagram.com/v/t51.2885-19/299491144_764152081458146_7378073620147711649_n.jpg?stp=dst-jpg_s150x150&_nc_ht=scontent-bom1-1.cdninstagram.com&_nc_cat=102&_nc_ohc=3u0YDNYeWyoAX9C5Qdc&tn=nXtf_SxHQKvCEaRk&edm=AOG-cTkBAAAA&ccb=7-5&oh=00_AfDCDtW_-a1TG2YPodDhPiOO8M_4z4POB7f2YpQxvMK2HA&oe=639F358B&_nc_sid=282b66,false
14589960234,aay3000_slay,Aayu,https://scontent-bom1-2.cdninstagram.com/v/t51.2885-19/312342378_604459934764367_794922031346972609_n.jpg?stp=dst-jpg_s150x150&_nc_ht=scontent-bom1-2.cdninstagram.com&_nc_cat=111&_nc_ohc=mlAlGLOrcjkAX9yBVV3&edm=AOG-cTkBAAAA&ccb=7-5&oh=00_AfBHf6tMBNltNLGnkwc2TB4Q9p2XJAhCq7Qu3UK3Oyneiw&oe=639DE051&_nc_sid=282b66,false
9989190312,surnamehello,BAGUETTE ü•ñ,https://scontent-bom1-1.cdninstagram.com/v/t51.2885-19/277810656_457092212874688_6772470165773694270_n.jpg?stp=dst-jpg_s150x150&_nc_ht=scontent-bom1-1.cdninstagram.com&_nc_cat=104&_nc_ohc=Emz6suHJkJMAX_xFSqM&tn=nXtf_SxHQKvCEaRk&edm=AOG-cTkBAAAA&ccb=7-5&oh=00_AfBlAf_ANld00Btgsyj9HGbn2Yxj3RcWrsIcVrh3wZBg5Q&oe=639F5D40&_nc_sid=282b66,false
35548697741,paridaxhrydayesh,Hrydayesh Parida,https://scontent-bom1-1.cdninstagram.com/v/t51.2885-19/310645211_661215048756351_6663649338714203673_n.jpg?stp=dst-jpg_s150x150&_nc_ht=scontent-bom1-1.cdninstagram.com&_nc_cat=103&_nc_ohc=vM6kKlUvQAMAX8R5YwU&tn=nXtf_SxHQKvCEaRk&edm=AOG-cTkBAAAA&ccb=7-5&oh=00_AfAmrJ96o5_PZ_f1nGYSK9a9WJvbY1BSbn6Inb2K27TGKw&oe=639F20BF&_nc_sid=282b66,false
22203598138,suchetsreenath,Suchet Sreenath,https://scontent-bom1-1.cdninstagram.com/v/t51.2885-19/312485752_5611435945599818_3565710079818849645_n.jpg?stp=dst-jpg_s150x150&_nc_ht=scontent-bom1-1.cdninstagram.com&_nc_cat=102&_nc_ohc=1oFfkyEwXAYAX_Zut9c&edm=AOG-cTkBAAAA&ccb=7-5&oh=00_AfAWPLP491wQITTYQpgAnpgUXrOtdNU2SGJ-TWhYvPZG0g&oe=639DF5D3&_nc_sid=282b66,false
8686999554,candycane_missy5,Shreyaü•Ä,https://scontent-bom1-2.cdninstagram.com/v/t51.2885-19/311618655_880819586617821_283039373277152982_n.jpg?stp=dst-jpg_s150x150&_nc_ht=scontent-bom1-2.cdninstagram.com&_nc_cat=109&_nc_ohc=FxcqXLdrqPgAX8vkvxK&edm=AOG-cTkBAAAA&ccb=7-5&oh=00_AfA7vTjVWZEgpDHGpbWAZ2SphbLHV0QhZWqegWxJw8NLhg&oe=639F36DB&_nc_sid=282b66,false
51195335808,idraw.zstuff,n0.th@nk.y0u,https://scontent-bom1-1.cdninstagram.com/v/t51.2885-19/283757121_555143179510239_3981470896425123244_n.jpg?stp=dst-jpg_s150x150&_nc_ht=scontent-bom1-1.cdninstagram.com&_nc_cat=103&_nc_ohc=APiqqpuAtEMAX8W6uGC&edm=AOG-cTkBAAAA&ccb=7-5&oh=00_AfCIViqS1_dYW1V0dncYwDm1NquWzNc1Unb_WTbwivanEA&oe=639E84C0&_nc_sid=282b66,false
26308259936,yo_sixxd,sid,https://scontent-bom1-2.cdninstagram.com/v/t51.2885-19/313037694_626099589195216_4782427904865945999_n.jpg?stp=dst-jpg_s150x150&_nc_ht=scontent-bom1-2.cdninstagram.com&_nc_cat=100&_nc_ohc=QSsUU7xcewUAX8vD_dp&tn=nXtf_SxHQKvCEaRk&edm=AOG-cTkBAAAA&ccb=7-5&oh=00_AfCuUEjr8QadIEY8AGmylJzQyJe-cCE0mK4LySs5i4QJCw&oe=639F8642&_nc_sid=282b66,false
29528361854,trishasnotreal,,https://scontent-bom1-1.cdninstagram.com/v/t51.2885-19/319106274_671078144655975_2272179048420071753_n.jpg?stp=dst-jpg_s150x150&_nc_ht=scontent-bom1-1.cdninstagram.com&_nc_cat=103&_nc_ohc=hQzgKpxBT0wAX_UOjA3&tn=nXtf_SxHQKvCEaRk&edm=AOG-cTkBAAAA&ccb=7-5&oh=00_AfBySevh8sZ5CJEb8pg_IOD5jtTIxb94eKoNL72cC6hWig&oe=639E3AEA&_nc_sid=282b66,false
48320407442,sheepsblossom,Ishaunvi the sheep,https://scontent-bom1-1.cdninstagram.com/v/t51.2885-19/317880120_881315249968585_3674381446772197462_n.jpg?stp=dst-jpg_s150x150&_nc_ht=scontent-bom1-1.cdninstagram.com&_nc_cat=101&_nc_ohc=lgHsm7Q43sMAX9mhIKX&edm=AOG-cTkBAAAA&ccb=7-5&oh=00_AfAOkFCHvamXd2HaUqPIc_sc5I8QX6Qp6IvdR0Ztnyivhw&oe=639DC8B2&_nc_sid=282b66,false
45042257790,bhavika.gopi,bhavika,https://scontent-bom1-1.cdninstagram.com/v/t51.2885-19/316586407_196052446168382_705692219059743904_n.jpg?stp=dst-jpg_s150x150&_nc_ht=scontent-bom1-1.cdninstagram.com&_nc_cat=102&_nc_ohc=cmJkbqQVi0gAX_M594S&edm=AOG-cTkBAAAA&ccb=7-5&oh=00_AfAFWjE_S3v01CPZyDVeIa_NFqTRtcW_aA3c6DC9ZMRU2Q&oe=639EF41F&_nc_sid=282b66,false
50999871575,hansika_jreddy,Hansika J reddy,https://scontent-bom1-1.cdninstagram.com/v/t51.2885-19/305490069_1225326268245446_7433816663949085826_n.jpg?stp=dst-jpg_s150x150&_nc_ht=scontent-bom1-1.cdninstagram.com&_nc_cat=102&_nc_ohc=1frBZ0iUn4gAX8mYDPA&edm=AOG-cTkBAAAA&ccb=7-5&oh=00_AfAI9rcZKf0YKo_D5VNNu2grDa-VSQccVFbFVKNXvtTiRA&oe=639F5225&_nc_sid=282b66,false
42607477464,samaira16197,Samaira,https://scontent-bom1-2.cdninstagram.com/v/t51.2885-19/319079327_2595918007256796_5645784690190859661_n.jpg?stp=dst-jpg_s150x150&_nc_ht=scontent-bom1-2.cdninstagram.com&_nc_cat=100&_nc_ohc=_uD6ZSSVfnwAX9qyfkw&tn=nXtf_SxHQKvCEaRk&edm=AOG-cTkBAAAA&ccb=7-5&oh=00_AfDa_lPJ6GVrPIuPBmyYIlvFb5gUAOlDG92uqhZlRDJLsA&oe=639F0E5A&_nc_sid=282b66,false
43852730026,shadhvi_12,Shadhviüñ§,https://scontent-bom1-1.cdninstagram.com/v/t51.2885-19/310161090_583122560164981_6620143788544278615_n.jpg?stp=dst-jpg_s150x150&_nc_ht=scontent-bom1-1.cdninstagram.com&_nc_cat=101&_nc_ohc=BaCjg0Js1ncAX9Kyhb9&edm=AOG-cTkBAAAA&ccb=7-5&oh=00_AfDs9CckylyedMhL2RIu8wZHA5yioNrAzWHeNCnjebCzyw&oe=639F4F12&_nc_sid=282b66,false
49757901932,its_peekaachoo,prekshaa,https://scontent-bom1-2.cdninstagram.com/v/t51.2885-19/311606616_1527788767635092_3209189771438692507_n.jpg?stp=dst-jpg_s150x150&_nc_ht=scontent-bom1-2.cdninstagram.com&_nc_cat=108&_nc_ohc=laTUWcejBeEAX9GnEp5&edm=AOG-cTkBAAAA&ccb=7-5&oh=00_AfDuqo-MXM5FnVZrfuztTBbXvj5xwfyf4c27TJ2FgCXFiA&oe=639F4701&_nc_sid=282b66,false
41548122871,inikamukherjee,Inika,https://scontent-bom1-1.cdninstagram.com/v/t51.2885-19/313873906_607168277850745_2575432255555319453_n.jpg?stp=dst-jpg_s150x150&_nc_ht=scontent-bom1-1.cdninstagram.com&_nc_cat=101&_nc_ohc=TOQ00yWkIUkAX-veGfs&edm=AOG-cTkBAAAA&ccb=7-5&oh=00_AfA8N8ZSgUrHxrHLZ5I3xuC3UYenE5PZbocvb-ZX3728ew&oe=639F53B1&_nc_sid=282b66,false
36646040270,navkozume,navya,https://scontent-bom1-1.cdninstagram.com/v/t51.2885-19/316686748_700798211678893_2110422611913312791_n.jpg?stp=dst-jpg_s150x150&_nc_ht=scontent-bom1-1.cdninstagram.com&_nc_cat=101&_nc_ohc=WPrZ6ALI8zQAX9w9HZz&edm=AOG-cTkBAAAA&ccb=7-5&oh=00_AfAqpu_e3jpq7JfCvYIHYykrzcTt_j0xCMOozNiYcwR9Gg&oe=639F868B&_nc_sid=282b66,false
48333187787,niharikasancheti,niharika,https://scontent-bom1-1.cdninstagram.com/v/t51.2885-19/312494536_1569194923518137_78298135035799973_n.jpg?stp=dst-jpg_s150x150&_nc_ht=scontent-bom1-1.cdninstagram.com&_nc_cat=105&_nc_ohc=9kuQjSUS9WgAX-rVQEh&edm=AOG-cTkBAAAA&ccb=7-5&oh=00_AfDlMzHou5F5ZCMXnfbTsjYbfrLbk-ZKqXexPZ39d7KxkA&oe=639DDB9D&_nc_sid=282b66,false
52335125188,nsan_spam,niharika <3,https://scontent-bom1-1.cdninstagram.com/v/t51.2885-19/316738353_667659924732934_5268660134523997721_n.jpg?stp=dst-jpg_s150x150&_nc_ht=scontent-bom1-1.cdninstagram.com&_nc_cat=110&_nc_ohc=Z0xinzl5KocAX_C8du2&edm=AOG-cTkBAAAA&ccb=7-5&oh=00_AfCkJMIHx_hGkWCIqA74LN2EUOtiaCHMQLilvERBXfIeYw&oe=639F3B8E&_nc_sid=282b66,false
27205861570,sphurthee_,,https://scontent-bom1-2.cdninstagram.com/v/t51.2885-19/315205640_1068286307175000_7412170940523499541_n.jpg?stp=dst-jpg_s150x150&_nc_ht=scontent-bom1-2.cdninstagram.com&_nc_cat=100&_nc_ohc=DrfoQdR3fp4AX9mG-Yu&tn=nXtf_SxHQKvCEaRk&edm=AOG-cTkBAAAA&ccb=7-5&oh=00_AfAXYeyfK79PFH-8-VtMmmUxN0LLVN5KOqHJm8cssEmliw&oe=639E3DF9&_nc_sid=282b66,false
39170206411,samhitadesai,sammy,https://scontent-bom1-2.cdninstagram.com/v/t51.2885-19/317182642_892779122087768_8188158193252503250_n.jpg?stp=dst-jpg_s150x150&_nc_ht=scontent-bom1-2.cdninstagram.com&_nc_cat=108&_nc_ohc=IrUL6zTOjqkAX_VicWT&tn=nXtf_SxHQKvCEaRk&edm=AOG-cTkBAAAA&ccb=7-5&oh=00_AfCU3OqplTFLXyjw-CFobEmpd1yIdDyA35vGW912240J4g&oe=639E6884&_nc_sid=282b66,false
52614453105,amrita.059,Amrita,https://scontent-bom1-2.cdninstagram.com/v/t51.2885-19/301987861_123750427079376_4322411819358734091_n.jpg?stp=dst-jpg_s150x150&_nc_ht=scontent-bom1-2.cdninstagram.com&_nc_cat=100&_nc_ohc=ZHFv8oVCB2wAX-RI5fA&edm=AOG-cTkBAAAA&ccb=7-5&oh=00_AfCBb-yQnvgM1x1VWOEY7CT7GRgniZ1PbeHfda0XAk3Ruw&oe=639E9C6B&_nc_sid=282b66,false
51313001485,nazo_103,nandana,https://scontent-bom1-1.cdninstagram.com/v/t51.2885-19/317032159_3322911971315362_931916510294164065_n.jpg?stp=dst-jpg_s150x150&_nc_ht=scontent-bom1-1.cdninstagram.com&_nc_cat=110&_nc_ohc=NnDs2xfzo3sAX-6_JvW&edm=AOG-cTkBAAAA&ccb=7-5&oh=00_AfAsQpvYrq-_CFV2_UeYhAi6EgeI8kGvKQQ3e_U6rmbEjQ&oe=639E5B5E&_nc_sid=282b66,false
33623610277,shrriya_j,shrriya,https://scontent-bom1-2.cdninstagram.com/v/t51.2885-19/279312541_182516537440068_7697551511632842478_n.jpg?stp=dst-jpg_s150x150&_nc_ht=scontent-bom1-2.cdninstagram.com&_nc_cat=100&_nc_ohc=tgDkgVz_Z3sAX8LodjS&edm=AOG-cTkBAAAA&ccb=7-5&oh=00_AfCzUR-1OSMwiKQ4IoB1cWY7cmU_0X-QkJTO4k-wfR0GIg&oe=639F10FC&_nc_sid=282b66,false
52004148449,bake_a_dough,,https://scontent-bom1-1.cdninstagram.com/v/t51.2885-19/275055323_471538274600009_7420092936679479202_n.jpg?stp=dst-jpg_s150x150&_nc_ht=scontent-bom1-1.cdninstagram.com&_nc_cat=105&_nc_ohc=nTlsJNNqaP0AX81yLnY&edm=AOG-cTkBAAAA&ccb=7-5&oh=00_AfBBs26xto_nt0AJYaJ20Zm_JwRa0WdJWS25LGgYPIh4fA&oe=639E169C&_nc_sid=282b66,false
5679467195,rupalimathur0412,Rupali Mathur,https://scontent-bom1-1.cdninstagram.com/v/t51.2885-19/293947418_416838237048951_7885223295241958583_n.jpg?stp=dst-jpg_s150x150&_nc_ht=scontent-bom1-1.cdninstagram.com&_nc_cat=103&_nc_ohc=XXyZa0Pgq-QAX8d2KL2&edm=AOG-cTkBAAAA&ccb=7-5&oh=00_AfC3SBsfLW0N29bongwgEnAJpDe-lAcICI_dkXQSwpQ8Xg&oe=639F72E9&_nc_sid=282b66,false
51900597858,saish_938,Saisha,https://scontent-bom1-1.cdninstagram.com/v/t51.2885-19/313818925_140545325402068_4291510994484600011_n.jpg?stp=dst-jpg_s150x150&_nc_ht=scontent-bom1-1.cdninstagram.com&_nc_cat=104&_nc_ohc=5twDbD94jhQAX9XkCDP&tn=nXtf_SxHQKvCEaRk&edm=AOG-cTkBAAAA&ccb=7-5&oh=00_AfCEJEUlq3L4y9ZLwFaZnOU_KungQ3Wi3WnQmqdhlR3B-w&oe=639DF7F6&_nc_sid=282b66,false
